Workbook

Sheet 预安排
A1: 代码 | B1: 批发价 | C1: 卷烟名称 | D1: 类 | E1: 合计 | F1: 需求 | G1: 可用 货源 | H1: 属 | I1: C类 | J1: 品牌 | K1: 条支比 | L1: C | M1: 按需 | N1: 按价 | O1: 第一轮 | P1: 第二轮 | Q1: 第三轮 | R1: 第四轮 | S1: 第五轮
A2: SKU-C78CA26A | B2: 100 | C2: Product-0CBDA773 | D2: 3 | E2: 1079.784 | F2: 333.1 | G2: 137.228 | J2: Brand-Anonymized | K2: 200 | O2: 0 | P2: 85 | Q2: 85 | R2: 85 | S2: 78.1
A3: SKU-FEFFF06B | B3: 100 | C3: Product-2824E2BD | D3: 2 | E3: 15.59 | F3: 28.1 | G3: 1.14 | H3: T | J3: Brand-Anonymized | K3: 200 | O3: 0 | P3: 28.1 | Q3: 0 | R3: 0 | S3: 0
A4: SKU-2866FD1A | B4: 100 | C4: Product-B05D24B5 | D4: 3 | E4: 138.016 | F4: 39.8 | G4: 16.272 | J4: Brand-Anonymized | K4: 200 | O4: 0 | P4: 0 | Q4: 39.8 | R4: 0 | S4: 0
A5: SKU-0260B714 | B5: 100 | C5: Product-9FA41960 | D5: 2 | E5: 0 | F5: 0 | G5: 0 | J5: Brand-Anonymized | K5: 200 | O5: 0 | P5: 0 | Q5: 0 | R5: 0 | S5: 0
A6: SKU-80DD304E | B6: 100 | C6: Product-104B7147 | D6: 2 | E6: 26.026 | F6: 10 | G6: 10.372 | H6: C | I6: 标 | J6: Brand-Anonymized | K6: 200 | L6: C | O6: 10 | P6: 0 | Q6: 0 | R6: 0 | S6: 0
A7: SKU-1DE29866 | B7: 100 | C7: Product-F23B59C1 | D7: 1 | E7: 153.11 | F7: 70 | G7: 4.9 | H7: X | I7: 标 | J7: Brand-Anonymized | K7: 200 | L7: C | O7: 0 | P7: 35 | Q7: 0 | R7: 35 | S7: 0
A8: SKU-99A87208 | B8: 100 | C8: Product-658841C6 | D8: 1 | F8: 15 | G8: 5 | H8: X | I8: 细 | J8: Brand-Anonymized | K8: 200 | L8: C | O8: 0 | P8: 7.5 | Q8: 0 | R8: 7.5 | S8: 0
A9: SKU-D208A1F4 | B9: 100 | C9: Product-DE70A72E | D9: 3 | E9: 2475.25 | F9: 1035.3 | G9: 243.76 | H9: T | J9: Brand-Anonymized | K9: 200 | O9: 200 | P9: 222 | Q9: 223 | R9: 235 | S9: 155.3
A10: SKU-07FCDFBC | B10: 100 | C10: Product-7A1FEE2B | D10: 1 | E10: 0 | F10: 0 | G10: 0 | I10: 标 | J10: Brand-Anonymized | K10: 200 | L10: C | O10: 0 | P10: 0 | Q10: 0 | R10: 0 | S10: 0
A11: SKU-F24DC4CC | B11: 100 | C11: Product-3F617BC6 | D11: 1 | E11: -43.42 | F11: 0 | G11: 0 | I11: 方 | J11: Brand-Anonymized | K11: 200 | L11: C | O11: 0 | P11: 0 | Q11: 0 | R11: 0 | S11: 0
A12: SKU-D943D84F | B12: 100 | C12: Product-9C089579 | D12: 1 | E12: 0 | F12: 0 | G12: 0 | J12: Brand-Anonymized | K12: 200 | O12: 0 | P12: 0 | Q12: 0 | R12: 0 | S12: 0
A13: SKU-6D9E63BD | B13: 100 | C13: Product-BC499EF2 | D13: 1 | E13: 54.688 | F13: 60 | G13: 6.296 | H13: C | I13: 方 | J13: Brand-Anonymized | K13: 200 | L13: C | O13: 0 | P13: 0 | Q13: 60 | R13: 0 | S13: 0
A14: SKU-01FF2431 | B14: 100 | C14: Product-C54A353F | D14: 1 | E14: 369.198 | F14: 140 | G14: 51.476 | H14: C | I14: 标 | J14: Brand-Anonymized | K14: 200 | L14: C | O14: 50 | P14: 0 | Q14: 50 | R14: 0 | S14: 40
A15: SKU-8916FAEC | B15: 100 | C15: Product-558A622A | D15: 1 | E15: 688.626 | F15: 302.78 | G15: 151.132 | H15: C | I15: 长 | J15: Brand-Anonymized | K15: 200 | L15: C | O15: 150 | P15: 152.78 | Q15: 0 | R15: 0 | S15: 0
A16: SKU-13F48E9F | B16: 100 | C16: Product-9B1626A5 | D16: 1 | E16: 182.012 | F16: 80 | G16: 20.184 | H16: C | I16: 长 | J16: Brand-Anonymized | K16: 200 | L16: C | O16: 20 | P16: 20 | Q16: 20 | R16: 20 | S16: 0
A17: SKU-3095C758 | B17: 100 | C17: Product-280802D6 | D17: 4 | E17: 4873.926 | F17: 1360.8 | G17: 897.592 | H17: T | J17: Brand-Anonymized | K17: 200 | O17: 300 | P17: 300 | Q17: 300 | R17: 300 | S17: 160.8
A18: SKU-22512FF3 | B18: 100 | C18: Product-C617F7D2 | D18: 1 | E18: 1937.902 | F18: 700 | G18: 247.884 | H18: C | J18: Brand-Anonymized | K18: 200 | O18: 140 | P18: 140 | Q18: 140 | R18: 140 | S18: 140
A19: SKU-8B1D5EF6 | B19: 100 | C19: Product-C0E4574A | D19: 1 | E19: 240.72 | F19: 50 | G19: 50 | H19: C | I19: 标 | J19: Brand-Anonymized | K19: 200 | L19: C | O19: 0 | P19: 25 | Q19: 0 | R19: 25 | S19: 0
A20: SKU-8BA825B6 | B20: 100 | C20: Product-E7EC78F7 | D20: 1 | E20: 196.492 | F20: 70 | G20: 22.424 | H20: C | I20: 标 | J20: Brand-Anonymized | K20: 200 | L20: C | O20: 0 | P20: 35 | Q20: 0 | R20: 35 | S20: 0
A21: SKU-DBE8D847 | B21: 100 | C21: Product-31FC13CA | D21: 2 | E21: 404.022 | F21: 71.8 | G21: 75.684 | I21: 细 | J21: Brand-Anonymized | K21: 200 | L21: C | O21: 0 | P21: 0 | Q21: 71.8 | R21: 0 | S21: 0
A22: SKU-993415A4 | B22: 100 | C22: Product-914BA5F4 | D22: 3 | E22: 158.204 | F22: 52.3 | G22: 7.868 | J22: Brand-Anonymized | K22: 200 | O22: 0 | P22: 0 | Q22: 0 | R22: 52.3 | S22: 0
A23: SKU-D86E9747 | B23: 100 | C23: Product-FF4227EA | D23: 1 | E23: 0 | F23: 0 | G23: 0 | J23: Brand-Anonymized | K23: 200 | O23: 0 | P23: 0 | Q23: 0 | R23: 0 | S23: 0
A24: SKU-7CB9F294 | B24: 100 | C24: Product-1F3A5A4E | D24: 1 | E24: 77.364 | F24: 5 | G24: 5.628 | H24: X | J24: Brand-Anonymized | K24: 200 | O24: 2 | P24: 0 | Q24: 3 | R24: 0 | S24: 0
A25: SKU-6FADBEBD | B25: 100 | C25: Product-224E6368 | D25: 1 | E25: -51.756 | F25: 6.776 | G25: 0.156 | I25: 细 | J25: Brand-Anonymized | K25: 200 | L25: C | O25: 0 | P25: 6.776 | Q25: 0 | R25: 0 | S25: 0
A26: SKU-6772DEBE | B26: 100 | C26: Product-82693D22 | D26: 1 | E26: 278.702 | F26: 94.3 | G26: 44.344 | I26: 长 | J26: Brand-Anonymized | K26: 200 | L26: C | O26: 0 | P26: 47 | Q26: 47.3 | R26: 0 | S26: 0
A27: SKU-3B2628FE | B27: 100 | C27: Product-F68D7468 | D27: 1 | E27: 0 | F27: 0 | G27: 0 | J27: Brand-Anonymized | K27: 200 | O27: 0 | P27: 0 | Q27: 0 | R27: 0 | S27: 0
A28: SKU-01CFC7C8 | B28: 100 | C28: Product-1385CA82 | D28: 1 | E28: -11.098 | F28: 5 | G28: 5.284 | H28: X | I28: 细 | J28: Brand-Anonymized | K28: 200 | L28: C | O28: 0 | P28: 5 | Q28: 0 | R28: 0 | S28: 0
A29: SKU-3BC6D3D6 | B29: 100 | C29: Product-7FD02DE1 | D29: 2 | E29: 377.596 | F29: 140.7 | G29: 65.812 | J29: Brand-Anonymized | K29: 200 | O29: 45 | P29: 45 | Q29: 0 | R29: 50.7 | S29: 0
A30: SKU-4BF6BE09 | B30: 100 | C30: Product-685982B2 | D30: 2 | E30: 0 | F30: 0 | G30: 0 | J30: Brand-Anonymized | K30: 200 | O30: 0 | P30: 0 | Q30: 0 | R30: 0 | S30: 0
A31: SKU-68F01DAC | B31: 100 | C31: Product-DB12469B | D31: 2 | E31: 998.866 | F31: 213.5 | G31: 214.852 | I31: 细 | J31: Brand-Anonymized | K31: 200 | L31: C | O31: 71 | P31: 0 | Q31: 71 | R31: 71.5 | S31: 0
A32: SKU-B376DBC8 | B32: 100 | C32: Product-12486764 | D32: 1 | E32: 0 | F32: 0 | G32: 0 | I32: 方 | J32: Brand-Anonymized | K32: 200 | L32: C | O32: 0 | P32: 0 | Q32: 0 | R32: 0 | S32: 0
A33: SKU-D051F69D | B33: 100 | C33: Product-89AAAC0F | D33: 1 | E33: -9.696 | F33: 15 | G33: 15.268 | H33: X | I33: 标 | J33: Brand-Anonymized | K33: 200 | L33: C | O33: 15 | P33: 0 | Q33: 0 | R33: 0 | S33: 0
A34: SKU-D6DABD2C | B34: 100 | C34: Product-E13E7723 | D34: 1 | E34: 77.854 | F34: 24 | G34: 24.028 | H34: X | I34: 细 | J34: Brand-Anonymized | K34: 200 | L34: C | O34: 0 | P34: 12 | Q34: 0 | R34: 12 | S34: 0
A35: SKU-58C29290 | B35: 100 | C35: Product-0F81BD89 | D35: 3 | E35: 1391.158 | F35: 503 | G35: 211.296 | J35: Brand-Anonymized | K35: 200 | O35: 130 | P35: 130 | Q35: 130 | R35: 113 | S35: 0
A36: SKU-204217AA | B36: 100 | C36: Product-65B192F5 | D36: 3 | E36: 2203.414 | F36: 680.5 | G36: 351.148 | H36: T | J36: Brand-Anonymized | K36: 200 | O36: 130 | P36: 150 | Q36: 130 | R36: 140 | S36: 130.5
A37: SKU-AA06D68B | B37: 100 | C37: Product-BC490182 | D37: 1 | E37: 78.274 | F37: 29.7 | G37: 12.068 | J37: Brand-Anonymized | K37: 200 | O37: 0 | P37: 0 | Q37: 29.7 | R37: 0 | S37: 0
A38: SKU-AB711576 | B38: 100 | C38: Product-606B1B6A | D38: 2 | E38: 3952.988 | F38: 1404.4 | G38: 563.816 | H38: T | I38: 细 | J38: Brand-Anonymized | K38: 200 | L38: C | O38: 300 | P38: 320 | Q38: 320 | R38: 280 | S38: 184.4
A39: SKU-9F810407 | B39: 100 | C39: Product-F93B8445 | D39: 3 | E39: 1246.84 | F39: 444.2 | G39: 180.72 | I39: 细 | J39: Brand-Anonymized | K39: 200 | L39: C | O39: 112 | P39: 112 | Q39: 112 | R39: 108.2 | S39: 0
A40: SKU-F676B681 | B40: 100 | C40: Product-33875634 | D40: 1 | E40: 0 | F40: 0 | G40: 0 | J40: Brand-Anonymized | K40: 200 | O40: 0 | P40: 0 | Q40: 0 | R40: 0 | S40: 0
A41: SKU-E4C1BC6F | B41: 100 | C41: Product-10F9DCAD | D41: 1 | E41: 1993.894 | F41: 738.3 | G41: 290.828 | I41: 细 | J41: Brand-Anonymized | K41: 200 | L41: C | O41: 181 | P41: 181 | Q41: 200 | R41: 176.3 | S41: 0
A42: SKU-CD605EDE | B42: 100 | C42: Product-219B759F | D42: 1 | E42: 48.788 | F42: 20 | G42: 20.856 | H42: X | I42: 长 | J42: Brand-Anonymized | K42: 200 | L42: C | O42: 20 | P42: 0 | Q42: 0 | R42: 0 | S42: 0
A43: SKU-D485CCCA | B43: 100 | C43: Product-05507059 | D43: 3 | E43: 586.024 | F43: 131 | G43: 90.348 | I43: 标 | J43: Brand-Anonymized | K43: 200 | L43: C | O43: 0 | P43: 0 | Q43: 65.5 | R43: 65.5 | S43: 0
A44: SKU-66238053 | B44: 100 | C44: Product-B4F67B70 | D44: 2 | E44: 0 | F44: 0 | G44: 0 | I44: 标 | J44: Brand-Anonymized | K44: 200 | L44: C | O44: 0 | P44: 0 | Q44: 0 | R44: 0 | S44: 0
A45: SKU-AEC03642 | B45: 100 | C45: Product-5A4A091A | D45: 1 | E45: 58.772 | F45: 16 | G45: 16.424 | H45: X | I45: 长 | J45: Brand-Anonymized | K45: 200 | L45: C | O45: 0 | P45: 8 | Q45: 0 | R45: 8 | S45: 0
A46: SKU-84735B62 | B46: 100 | C46: Product-61AE19F7 | D46: 3 | E46: 7562.652 | F46: 3220.6 | G46: 668.844 | H46: T | J46: Brand-Anonymized | K46: 200 | O46: 503 | P46: 700 | Q46: 700 | R46: 733 | S46: 584.6
A47: SKU-9356910A | B47: 100 | C47: Product-1433AC24 | D47: 2 | E47: 907.258 | F47: 400.7 | G47: 84.696 | H47: T | J47: Brand-Anonymized | K47: 200 | O47: 84 | P47: 105 | Q47: 105 | R47: 106.7 | S47: 0
A48: SKU-A1C9F3C5 | B48: 100 | C48: Product-A7F669A5 | D48: 2 | E48: 935.382 | F48: 409.7 | G48: 84.304 | H48: T | J48: Brand-Anonymized | K48: 200 | O48: 84 | P48: 110 | Q48: 110 | R48: 105.7 | S48: 0
A49: SKU-9FED3CD7 | B49: 100 | C49: Product-80F515FA | D49: 1 | E49: 0 | F49: 0 | G49: 0 | I49: 方 | J49: Brand-Anonymized | K49: 200 | L49: C | O49: 0 | P49: 0 | Q49: 0 | R49: 0 | S49: 0
A50: SKU-D2D4FD85 | B50: 100 | C50: Product-D1D130D9 | D50: 1 | E50: 0 | F50: 0 | G50: 0 | J50: Brand-Anonymized | K50: 200 | O50: 0 | P50: 0 | Q50: 0 | R50: 0 | S50: 0
A51: SKU-2324D87D | B51: 100 | C51: Product-142947AA | D51: 1 | E51: 56.956 | F51: 14 | G51: 1.152 | H51: C | I51: 长 | J51: Brand-Anonymized | K51: 200 | L51: C | O51: 0 | P51: 0 | Q51: 0 | R51: 7 | S51: 7
A52: SKU-D3A8D0D1 | B52: 100 | C52: Product-B80128BB | D52: 1 | E52: 101.536 | F52: 13 | G52: 13.812 | H52: X | I52: 长 | J52: Brand-Anonymized | K52: 200 | L52: C | O52: 13 | P52: 0 | Q52: 0 | R52: 0 | S52: 0
A53: SKU-8E8B63E5 | B53: 100 | C53: Product-F4608C8A | D53: 1 | F53: 20 | G53: 0 | H53: X | I53: 细 | J53: Brand-Anonymized | K53: 200 | L53: C | O53: 0 | P53: 0 | Q53: 0 | R53: 0 | S53: 0
A54: SKU-9D8A6BF0 | B54: 100 | C54: Product-C76E7B79 | D54: 1 | E54: 0 | F54: 0 | G54: 0 | H54: X | I54: 长 | J54: Brand-Anonymized | K54: 200 | L54: C | O54: 0 | P54: 0 | Q54: 0 | R54: 0 | S54: 0
A55: SKU-5EA6EAAE | B55: 100 | C55: Product-C4CD4D56 | D55: 1 | E55: 600 | F55: 300 | G55: 0 | H55: X | I55: 长 | J55: Brand-Anonymized | K55: 200 | L55: C | O55: 0 | P55: 0 | Q55: 0 | R55: 150 | S55: 150
A56: SKU-55B49425 | B56: 100 | C56: Product-2E005B6F | D56: 1 | E56: 2406.782 | F56: 1050 | G56: 325.884 | H56: T | J56: Brand-Anonymized | K56: 200 | O56: 300 | P56: 320 | Q56: 173 | R56: 127 | S56: 130
A57: SKU-7E7C0C23 | B57: 100 | C57: Product-8C5BA899 | D57: 1 | E57: 74.116 | F57: 0 | G57: 35.732 | H57: T | J57: Brand-Anonymized | K57: 200 | O57: 0 | P57: 0 | Q57: 0 | R57: 0 | S57: 0
A58: SKU-581048FF | B58: 100 | C58: Product-9C9F0DD0 | D58: 1 | E58: 50.896 | F58: 25 | G58: 0.492 | H58: C | I58: 方 | J58: Brand-Anonymized | K58: 200 | L58: C | O58: 0 | P58: 0 | Q58: 25 | R58: 0 | S58: 0
A59: SKU-1943C75B | B59: 100 | C59: Product-62BC29B7 | D59: 1 | E59: 179.23 | F59: 45 | G59: 1 | H59: C | I59: 方 | J59: Brand-Anonymized | K59: 200 | L59: C | O59: 0 | P59: 0 | Q59: 35 | R59: 0 | S59: 10
A60: SKU-51C641E5 | B60: 100 | C60: Product-4CA63C06 | D60: 1 | E60: 1458.662 | F60: 521.8 | G60: 189.744 | H60: T | I60: 长 | J60: Brand-Anonymized | K60: 200 | L60: C | O60: 105 | P60: 125 | Q60: 110 | R60: 100 | S60: 81.8
A61: SKU-740A9334 | B61: 100 | C61: Product-7726A962 | D61: 1 | E61: 0 | F61: 0 | G61: 0 | I61: 方 | J61: Brand-Anonymized | K61: 200 | L61: C | O61: 0 | P61: 0 | Q61: 0 | R61: 0 | S61: 0
A62: SKU-ABAD8823 | B62: 100 | C62: Product-342D1F0D | D62: 1 | E62: 227.232 | F62: 75 | G62: 20.084 | H62: C | I62: 细 | J62: Brand-Anonymized | K62: 200 | L62: C | O62: 0 | P62: 22 | Q62: 0 | R62: 53 | S62: 0
A63: SKU-CD40403A | B63: 100 | C63: Product-D6D3CCE6 | D63: 1 | E63: -1.742 | F63: 4 | G63: 0.836 | H63: C | I63: 标 | J63: Brand-Anonymized | K63: 200 | L63: C | O63: 0 | P63: 0 | Q63: 4 | R63: 0 | S63: 0
A64: SKU-B0D292B1 | B64: 100 | C64: Product-7726A962 | D64: 1 | E64: -24.86 | F64: 0 | G64: 0 | H64: X | I64: 标 | J64: Brand-Anonymized | K64: 200 | L64: C | O64: 0 | P64: 0 | Q64: 0 | R64: 0 | S64: 0
A65: SKU-C4F98012 | B65: 100 | C65: Product-0BBC9522 | D65: 1 | F65: 0.76 | G65: 1 | H65: X | I65: 细 | J65: Brand-Anonymized | K65: 200 | L65: C | O65: 0 | P65: 0 | Q65: 0.76 | R65: 0 | S65: 0
A66: SKU-D5FB4C4D | B66: 100 | C66: Product-3DCEC0C0 | D66: 1 | E66: 0 | F66: 0 | G66: 0 | I66: 标 | J66: Brand-Anonymized | K66: 200 | L66: C | O66: 0 | P66: 0 | Q66: 0 | R66: 0 | S66: 0
A67: SKU-DCF98B33 | B67: 100 | C67: Product-3DCEC0C0 | D67: 1 | E67: 44.74 | F67: 5 | G67: 0.42 | H67: X | I67: 标 | J67: Brand-Anonymized | K67: 200 | L67: C | O67: 0 | P67: 0 | Q67: 5 | R67: 0 | S67: 0
A68: SKU-7ECD2FA6 | B68: 100 | C68: Product-29355C79 | D68: 1 | E68: 1539.368 | F68: 0.76 | G68: 0.756 | H68: X | I68: 长 | J68: Brand-Anonymized | K68: 200 | L68: C | O68: 0 | P68: 0.76 | Q68: 0 | R68: 0 | S68: 0
A69: SKU-8A01A251 | B69: 100 | C69: Product-E520A49A | D69: 2 | E69: 0 | F69: 0 | G69: 0 | J69: Brand-Anonymized | K69: 200 | O69: 0 | P69: 0 | Q69: 0 | R69: 0 | S69: 0
A70: SKU-F12BD851 | B70: 100 | C70: Product-C8CC2E46 | D70: 2 | E70: 1376.414 | F70: 400.5 | G70: 250.388 | J70: Brand-Anonymized | K70: 200 | O70: 103 | P70: 103 | Q70: 0 | R70: 103 | S70: 91.5
A71: SKU-FBC6A90A | B71: 100 | C71: Product-6215959E | D71: 1 | E71: 0 | F71: 0 | G71: 0 | I71: 标 | J71: Brand-Anonymized | K71: 200 | L71: C | O71: 0 | P71: 0 | Q71: 0 | R71: 0 | S71: 0
A72: SKU-8D50A17D | B72: 100 | C72: Product-33956506 | D72: 1 | E72: 517.522 | F72: 198.5 | G72: 80.204 | H72: T | I72: 细 | J72: Brand-Anonymized | K72: 200 | L72: C | O72: 80 | P72: 0 | Q72: 118.5 | R72: 0 | S72: 0
A73: SKU-685DD3D2 | B73: 100 | C73: Product-F61FD83C | D73: 1 | E73: 1017.006 | F73: 390 | G73: 150.332 | I73: 细 | J73: Brand-Anonymized | K73: 200 | L73: C | O73: 100 | P73: 110 | Q73: 0 | R73: 180 | S73: 0
A74: SKU-55E23DA5 | B74: 100 | C74: Product-7D170E46 | D74: 2 | E74: 9202.448 | F74: 2645.5 | G74: 1636.716 | I74: 细 | J74: Brand-Anonymized | K74: 200 | L74: C | O74: 550 | P74: 600 | Q74: 550 | R74: 550 | S74: 395.5
A75: SKU-07310B8A | B75: 100 | C75: Product-9FF55A7C | D75: 1 | E75: 57.144 | F75: 4 | G75: 0.208 | H75: C | I75: 方 | J75: Brand-Anonymized | K75: 200 | L75: C | O75: 0 | P75: 0 | Q75: 4 | R75: 0 | S75: 0
A76: SKU-8EBE1AD6 | B76: 100 | C76: Product-9A6C9779 | D76: 1 | E76: 566.494 | F76: 247.7 | G76: 76.588 | I76: 细 | J76: Brand-Anonymized | K76: 200 | L76: C | O76: 76 | P76: 84 | Q76: 0 | R76: 87.7 | S76: 0
A77: SKU-06D5C6B5 | B77: 100 | C77: Product-79046E1F | D77: 1 | E77: 13.194 | F77: 5 | G77: 5.888 | H77: C | I77: 标 | J77: Brand-Anonymized | K77: 200 | L77: C | O77: 5 | P77: 0 | Q77: 0 | R77: 0 | S77: 0
A78: SKU-0472D802 | B78: 100 | C78: Product-0EE8F563 | D78: 1 | E78: 362.128 | F78: 122 | G78: 44.056 | I78: 细 | J78: Brand-Anonymized | K78: 200 | L78: C | O78: 0 | P78: 54 | Q78: 0 | R78: 68 | S78: 0
A79: SKU-8992A5AF | B79: 100 | C79: Product-15073DAA | D79: 1 | E79: 30.98 | F79: 4 | G79: 4.82 | H79: X | I79: 标 | J79: Brand-Anonymized | K79: 200 | L79: C | O79: 4 | P79: 0 | Q79: 0 | R79: 0 | S79: 0
A80: SKU-9DFEFE7F | B80: 100 | C80: Product-14B419F6 | D80: 1 | E80: 76.778 | F80: 22 | G80: 11.376 | H80: X | I80: 细 | J80: Brand-Anonymized | K80: 200 | L80: C | O80: 0 | P80: 0 | Q80: 0 | R80: 22 | S80: 0
A81: SKU-707B6E8A | B81: 100 | C81: Product-069A5966 | D81: 1 | E81: 60.162 | F81: 4 | G81: 4.404 | H81: X | I81: 标 | J81: Brand-Anonymized | K81: 200 | L81: C | O81: 4 | P81: 0 | Q81: 0 | R81: 0 | S81: 0
A82: SKU-5969B13C | B82: 100 | C82: Product-D41D58A6 | D82: 1 | E82: 49.67 | F82: 17.3 | G82: 16.7 | J82: Brand-Anonymized | K82: 200 | O82: 0 | P82: 16.3 | Q82: 0 | R82: 1 | S82: 0
A83: SKU-54FF462C | B83: 100 | C83: Product-61A907C6 | D83: 1 | E83: 281.698 | F83: 114.2 | G83: 44.696 | J83: Brand-Anonymized | K83: 200 | O83: 0 | P83: 107.2 | Q83: 0 | R83: 7 | S83: 0
A84: SKU-124FFA8F | B84: 100 | C84: Product-D911580D | D84: 1 | E84: 0 | F84: 0 | G84: 0 | J84: Brand-Anonymized | K84: 200 | O84: 0 | P84: 0 | Q84: 0 | R84: 0 | S84: 0
A85: SKU-AA4E2A39 | B85: 100 | C85: Product-702B5290 | D85: 1 | E85: 0 | F85: 0 | G85: 0 | I85: 方 | J85: Brand-Anonymized | K85: 200 | L85: C | O85: 0 | P85: 0 | Q85: 0 | R85: 0 | S85: 0
A86: SKU-913263BA | B86: 100 | C86: Product-702B5290 | D86: 1 | E86: 60.372 | F86: 15 | G86: 15.924 | H86: X | I86: 长 | J86: Brand-Anonymized | K86: 200 | L86: C | O86: 0 | P86: 15 | Q86: 0 | R86: 0 | S86: 0
A87: SKU-C3332279 | B87: 100 | C87: Product-DBF6F56C | D87: 2 | E87: 6585.416 | F87: 1920.5 | G87: 1116.692 | H87: T | J87: Brand-Anonymized | K87: 200 | O87: 330 | P87: 450 | Q87: 432 | R87: 427 | S87: 281.5
A88: SKU-98BD550F | B88: 100 | C88: Product-63C67A59 | D88: 1 | E88: 742.332 | F88: 263.3 | G88: 97.464 | J88: Brand-Anonymized | K88: 200 | O88: 80 | P88: 0 | Q88: 81 | R88: 102.3 | S88: 0
A89: SKU-9165C4CC | B89: 100 | C89: Product-4EAD9177 | D89: 2 | E89: 0 | F89: 0 | G89: 0 | J89: Brand-Anonymized | K89: 200 | O89: 0 | P89: 0 | Q89: 0 | R89: 0 | S89: 0
A90: SKU-7B3379FF | B90: 100 | C90: Product-B1B25B5B | D90: 1 | E90: 336.174 | F90: 107.1 | G90: 55.128 | J90: Brand-Anonymized | K90: 200 | O90: 50 | P90: 0 | Q90: 0 | R90: 57.1 | S90: 0
A91: SKU-32F1EBAD | B91: 100 | C91: Product-1D056F53 | D91: 1 | E91: 751.022 | F91: 255.8 | G91: 78.464 | J91: Brand-Anonymized | K91: 200 | O91: 0 | P91: 62 | Q91: 123 | R91: 70.8 | S91: 0
A92: SKU-94863575 | B92: 100 | C92: Product-ED96D303 | D92: 1 | E92: -46.18 | F92: 0 | G92: 0 | H92: C | I92: 标 | J92: Brand-Anonymized | K92: 200 | L92: C | O92: 0 | P92: 0 | Q92: 0 | R92: 0 | S92: 0
A93: SKU-2FCA7D22 | B93: 100 | C93: Product-7CFF1ED9 | D93: 1 | E93: 386.996 | F93: 121.6 | G93: 45.912 | J93: Brand-Anonymized | K93: 200 | O93: 0 | P93: 57 | Q93: 0 | R93: 64.6 | S93: 0
A94: SKU-2B469B0C | B94: 100 | C94: Product-782A1545 | D94: 1 | E94: 382.928 | F94: 100 | G94: 102.816 | I94: 细 | J94: Brand-Anonymized | K94: 200 | L94: C | O94: 50 | P94: 50 | Q94: 0 | R94: 0 | S94: 0
A95: SKU-D352A232 | B95: 100 | C95: Product-6DB46461 | D95: 1 | E95: 0 | F95: 0 | G95: 0 | I95: 标 | J95: Brand-Anonymized | K95: 200 | L95: C | O95: 0 | P95: 0 | Q95: 0 | R95: 0 | S95: 0
A96: SKU-497F1297 | B96: 100 | C96: Product-FC06EE76 | D96: 1 | E96: 1349.832 | F96: 462.5 | G96: 187.964 | H96: T | I96: 标 | J96: Brand-Anonymized | K96: 200 | L96: C | O96: 130 | P96: 0 | Q96: 115 | R96: 115 | S96: 102.5
A97: SKU-E6463606 | B97: 100 | C97: Product-348068FF | D97: 1 | E97: 0 | F97: 0 | G97: 0 | I97: 标 | J97: Brand-Anonymized | K97: 200 | L97: C | O97: 0 | P97: 0 | Q97: 0 | R97: 0 | S97: 0
A98: SKU-8EB26120 | B98: 100 | C98: Product-73F3BBE5 | D98: 1 | E98: 121.174 | F98: 15 | G98: 0.768 | H98: C | I98: 标 | J98: Brand-Anonymized | K98: 200 | L98: C | O98: 0 | P98: 7.5 | Q98: 0 | R98: 7.5 | S98: 0
A99: SKU-8515A26A | B99: 100 | C99: Product-2C6E1A8D | D99: 1 | E99: 109.34 | F99: 40 | G99: 1.64 | H99: X | I99: 方 | J99: Brand-Anonymized | K99: 200 | L99: C | O99: 0 | P99: 0 | Q99: 0 | R99: 40 | S99: 0
A100: SKU-2164A7E1 | B100: 100 | C100: Product-E6A26B29 | D100: 1 | E100: 1147.426 | F100: 400 | G100: 162.192 | H100: X | J100: Brand-Anonymized | K100: 200 | O100: 80 | P100: 80 | Q100: 80 | R100: 80 | S100: 80
...

Sheet Sheet1
B1: 销量 | C1: 单箱
A2: 第一轮 | B2: 10000.488 | C2: 38343.3
A3: 第二轮 | B3: 12302.076 | C3: 36866.165
A4: 第三轮 | B4: 12000.264 | C4: 36876.673
A5: 第四轮 | B5: 12099.084 | C5: 36193.911
A6: 第五轮 | B6: 5976.232 | C6: 33985.664

Sheet 6月
M1: 2025年上
A2: 工业 | B2: 代码 | C2: 重 | D2: 焦 | E2: 细 | F2: 中 | G2: 短 | H2: 爆 | I2: 创 | J2: 共 | K2: 混 | L2: 批发价 | M2: 卷烟名称 | N2: 类 | O2: 合计 | P2: 一分 | Q2: 二分 | R2: 三分 | S2: 东丽 | T2: 西青 | U2: 津南 | V2: 北辰 | W2: 滨海 | X2: 武清 | Y2: 宝坻 | Z2: 蓟州 | AA2: 静海 | AB2: 宁河 | AC2: 属 | AD2: C类 | AE2: 品牌 | AF2: 条支比 | AG2: C
A3: 上海 | B3: SKU-C78CA26A | C3: 是 | D3: 8 | K3: 是 | L3: 100 | M3: Product-0CBDA773 | N3: 3 | O3: =SUM(P3:AB3) | AE3: Brand-Anonymized | AF3: 200
B4: SKU-FEFFF06B | C4: 是 | D4: 5 | K4: 是 | L4: 100 | M4: Product-2824E2BD | N4: 2 | O4: =SUM(P4:AB4) | AC4: T | AE4: Brand-Anonymized | AF4: 200
B5: SKU-2866FD1A | C5: 是 | D5: 8 | K5: 是 | L5: 100 | M5: Product-B05D24B5 | N5: 3 | O5: =SUM(P5:AB5) | AE5: Brand-Anonymized | AF5: 200
B6: SKU-0260B714 | C6: 是 | D6: 5 | K6: 是 | L6: 100 | M6: Product-9FA41960 | N6: 2 | O6: =SUM(P6:AB6) | AE6: Brand-Anonymized | AF6: 200
B7: SKU-80DD304E | C7: 是 | D7: 5 | F7: 是 | I7: 是 | K7: 是 | L7: 100 | M7: Product-104B7147 | N7: 2 | O7: =SUM(P7:AB7) | AC7: C | AD7: 标 | AE7: Brand-Anonymized | AF7: 200 | AG7: C
B8: SKU-1DE29866 | C8: 是 | D8: 5 | F8: 是 | H8: 是 | I8: 是 | K8: 是 | L8: 100 | M8: Product-F23B59C1 | N8: 1 | O8: =SUM(P8:AB8) | AC8: X | AD8: 标 | AE8: Brand-Anonymized | AF8: 200 | AG8: C
M9: 北京小计 | O9: =SUM(O3:O8) | P9: =SUM(P3:P8) | Q9: =SUM(Q3:Q8) | R9: =SUM(R3:R8) | S9: =SUM(S3:S8) | T9: =SUM(T3:T8) | U9: =SUM(U3:U8) | V9: =SUM(V3:V8) | ... AC9: =SUM(AC3:AC8)
B10: SKU-D208A1F4 | D10: 9 | L10: 100 | M10: Product-DE70A72E | N10: 3 | O10: =SUM(P10:AB10) | AC10: T | AE10: Brand-Anonymized | AF10: 200
B11: SKU-07FCDFBC | D11: 10 | G11: 是 | I11: 是 | L11: 100 | M11: Product-7A1FEE2B | N11: 1 | O11: =SUM(P11:AB11) | AD11: 标 | AE11: Brand-Anonymized | AF11: 200 | AG11: C
B12: SKU-F24DC4CC | D12: 10 | L12: 100 | M12: Product-3F617BC6 | N12: 1 | O12: =SUM(P12:AB12) | AD12: 方 | AE12: Brand-Anonymized | AF12: 200 | AG12: C
B13: SKU-D943D84F | D13: 10 | L13: 100 | M13: Product-9C089579 | N13: 1 | O13: =SUM(P13:AB13) | AE13: Brand-Anonymized | AF13: 200
B14: SKU-6D9E63BD | D14: 8 | F14: 是 | I14: 是 | L14: 100 | M14: Product-BC499EF2 | N14: 1 | O14: =SUM(P14:AB14) | AC14: C | AD14: 方 | AE14: Brand-Anonymized | AF14: 200 | AG14: C
B15: SKU-01FF2431 | D15: 8 | F15: 是 | I15: 是 | L15: 100 | M15: Product-C54A353F | N15: 1 | O15: =SUM(P15:AB15) | AC15: C | AD15: 标 | AE15: Brand-Anonymized | AF15: 200 | AG15: C
B16: SKU-8916FAEC | D16: 8 | F16: 是 | I16: 是 | J16: 共 | L16: 100 | M16: Product-558A622A | N16: 1 | O16: =SUM(P16:AB16) | AC16: C | AD16: 长 | AE16: Brand-Anonymized | AF16: 200 | AG16: C
B17: SKU-13F48E9F | D17: 8 | F17: 是 | I17: 是 | L17: 100 | M17: Product-9B1626A5 | N17: 1 | O17: =SUM(P17:AB17) | AC17: C | AD17: 长 | AE17: Brand-Anonymized | AF17: 200 | AG17: C
B18: SKU-84735B62 | C18: 是 | D18: 10 | L18: 100 | M18: Product-61AE19F7 | N18: 3 | O18: =SUM(P18:AB18) | AC18: T | AE18: Brand-Anonymized | AF18: 200
B19: SKU-9356910A | C19: 是 | D19: 11 | L19: 100 | M19: Product-1433AC24 | N19: 2 | O19: =SUM(P19:AB19) | AC19: T | AE19: Brand-Anonymized | AF19: 200
B20: SKU-A1C9F3C5 | C20: 是 | D20: 10 | J20: 共 | L20: 100 | M20: Product-A7F669A5 | N20: 2 | O20: =SUM(P20:AB20) | AC20: T | AE20: Brand-Anonymized | AF20: 200
B21: SKU-9FED3CD7 | C21: 是 | D21: 6 | E21: 是 | I21: 是 | L21: 100 | M21: Product-80F515FA | N21: 1 | O21: =SUM(P21:AB21) | AD21: 方 | AE21: Brand-Anonymized | AF21: 200 | AG21: C
B22: SKU-D2D4FD85 | C22: 是 | D22: 8 | E22: 是 | I22: 是 | L22: 100 | M22: Product-D1D130D9 | N22: 1 | O22: =SUM(P22:AB22) | AE22: Brand-Anonymized | AF22: 200
B23: SKU-2324D87D | C23: 是 | D23: 9 | F23: 是 | I23: 是 | L23: 100 | M23: Product-142947AA | N23: 1 | O23: =SUM(P23:AB23) | AC23: C | AD23: 长 | AE23: Brand-Anonymized | AF23: 200 | AG23: C
B24: SKU-D3A8D0D1 | C24: 是 | D24: 9 | F24: 是 | I24: 是 | L24: 100 | M24: Product-B80128BB | N24: 1 | O24: =SUM(P24:AB24) | AC24: X | AD24: 长 | AE24: Brand-Anonymized | AF24: 200 | AG24: C
B25: SKU-55B49425 | C25: 是 | D25: 11 | J25: 共 | L25: 100 | M25: Product-2E005B6F | N25: 1 | O25: =SUM(P25:AB25) | AC25: T | AE25: Brand-Anonymized | AF25: 200
B26: SKU-7E7C0C23 | C26: 是 | D26: 11 | J26: 共 | L26: 100 | M26: Product-8C5BA899 | N26: 1 | O26: =SUM(P26:AB26) | AC26: T | AE26: Brand-Anonymized | AF26: 200
B27: SKU-581048FF | C27: 是 | D27: 11 | L27: 100 | M27: Product-9C9F0DD0 | N27: 1 | O27: =SUM(P27:AB27) | AC27: C | AD27: 方 | AE27: Brand-Anonymized | AF27: 200 | AG27: C
B28: SKU-1943C75B | C28: 是 | D28: 10 | F28: 是 | I28: 是 | J28: 共 | L28: 100 | M28: Product-62BC29B7 | N28: 1 | O28: =SUM(P28:AB28) | AC28: C | AD28: 方 | AE28: Brand-Anonymized | AF28: 200 | AG28: C
B29: SKU-51C641E5 | C29: 是 | D29: 10 | F29: 是 | I29: 是 | J29: 共 | L29: 100 | M29: Product-4CA63C06 | N29: 1 | O29: =SUM(P29:AB29) | AC29: T | AD29: 长 | AE29: Brand-Anonymized | AF29: 200 | AG29: C
B30: SKU-740A9334 | C30: 是 | D30: 10 | G30: 是 | I30: 是 | L30: 100 | M30: Product-7726A962 | N30: 1 | O30: =SUM(P30:AB30) | AD30: 方 | AE30: Brand-Anonymized | AF30: 200 | AG30: C
B31: SKU-ABAD8823 | C31: 是 | D31: 8 | E31: 是 | I31: 是 | J31: 共 | L31: 100 | M31: Product-342D1F0D | N31: 1 | O31: =SUM(P31:AB31) | AC31: C | AD31: 细 | AE31: Brand-Anonymized | AF31: 200 | AG31: C
B32: SKU-CD40403A | C32: 是 | D32: 8 | E32: 是 | I32: 是 | J32: 共 | L32: 100 | M32: Product-D6D3CCE6 | N32: 1 | O32: =SUM(P32:AB32) | AC32: C | AD32: 标 | AE32: Brand-Anonymized | AF32: 200 | AG32: C
B33: SKU-B0D292B1 | C33: 是 | D33: 10 | G33: 是 | I33: 是 | L33: 100 | M33: Product-7726A962 | N33: 1 | O33: =SUM(P33:AB33) | AC33: X | AD33: 标 | AE33: Brand-Anonymized | AF33: 200 | AG33: C
B34: SKU-D5FB4C4D | D34: 10 | L34: 100 | M34: Product-3DCEC0C0 | N34: 1 | O34: =SUM(P34:AB34) | AD34: 标 | AE34: Brand-Anonymized | AF34: 200 | AG34: C
B35: SKU-DCF98B33 | D35: 10 | L35: 100 | M35: Product-3DCEC0C0 | N35: 1 | O35: =SUM(P35:AB35) | AC35: X | AD35: 标 | AE35: Brand-Anonymized | AF35: 200 | AG35: C
B36: SKU-7ECD2FA6 | D36: 10 | F36: 是 | I36: 是 | L36: 100 | M36: Product-29355C79 | N36: 1 | O36: =SUM(P36:AB36) | AC36: X | AE36: Brand-Anonymized | AF36: 200
M37: 津沪小计 | O37: =SUM(O10:O36) | P37: =SUM(P10:P36) | Q37: =SUM(Q10:Q36) | R37: =SUM(R10:R36) | S37: =SUM(S10:S36) | T37: =SUM(T10:T36) | U37: =SUM(U10:U36) | V37: =SUM(V10:V36) | ... AC37: =SUM(AC10:AC36)
M38: 上海小计 | O38: =O9+O37 | P38: =P9+P37 | Q38: =Q9+Q37 | R38: =R9+R37 | S38: =S9+S37 | T38: =T9+T37 | U38: =U9+U37 | V38: =V9+V37 | ... AC38: =AC9+AC37
A39: 河北 | B39: SKU-3095C758 | C39: 是 | D39: 11 | L39: 100 | M39: Product-280802D6 | N39: 4 | O39: =SUM(P39:AB39) | AC39: T | AE39: Brand-Anonymized | AF39: 200
B40: SKU-22512FF3 | C40: 是 | D40: 10 | J40: 共 | L40: 100 | M40: Product-C617F7D2 | N40: 1 | O40: =SUM(P40:AB40) | AC40: C | AE40: Brand-Anonymized | AF40: 200
B41: SKU-8B1D5EF6 | C41: 是 | D41: 6 | E41: 是 | I41: 是 | J41: 共 | L41: 100 | M41: Product-C0E4574A | N41: 1 | O41: =SUM(P41:AB41) | AC41: C | AD41: 标 | AE41: Brand-Anonymized | AF41: 200 | AG41: C
B42: SKU-8BA825B6 | C42: 是 | D42: 10 | L42: 100 | M42: Product-E7EC78F7 | N42: 1 | O42: =SUM(P42:AB42) | AC42: C | AD42: 标 | AE42: Brand-Anonymized | AF42: 200 | AG42: C
B43: SKU-DBE8D847 | C43: 是 | D43: 8 | E43: 是 | I43: 是 | L43: 100 | M43: Product-31FC13CA | N43: 2 | O43: =SUM(P43:AB43) | AD43: 细 | AE43: Brand-Anonymized | AF43: 200 | AG43: C
B44: SKU-993415A4 | C44: 是 | D44: 10 | L44: 100 | M44: Product-914BA5F4 | N44: 3 | O44: =SUM(P44:AB44) | AE44: Brand-Anonymized | AF44: 200
B45: SKU-D86E9747 | C45: 是 | D45: 9 | F45: 是 | I45: 是 | L45: 100 | M45: Product-FF4227EA | N45: 1 | O45: =SUM(P45:AB45) | AE45: Brand-Anonymized | AF45: 200
B46: SKU-7CB9F294 | C46: 是 | D46: 7 | E46: 是 | I46: 是 | L46: 100 | M46: Product-1F3A5A4E | N46: 1 | O46: =SUM(P46:AB46) | AC46: X | AE46: Brand-Anonymized | AF46: 200
M47: 河北小计 | O47: =SUM(O39:O46) | P47: =SUM(P39:P46) | Q47: =SUM(Q39:Q46) | R47: =SUM(R39:R46) | S47: =SUM(S39:S46) | T47: =SUM(T39:T46) | U47: =SUM(U39:U46) | V47: =SUM(V39:V46) | ... AC47: =SUM(AC39:AC46)
A48: 辽宁 | B48: SKU-4BF6BE09 | C48: 是 | D48: 11 | L48: 100 | M48: Product-685982B2 | N48: 2 | O48: =SUM(P48:AB48) | AE48: Brand-Anonymized | AF48: 200
B49: SKU-68F01DAC | C49: 是 | D49: 6 | E49: 是 | I49: 是 | J49: 共 | L49: 100 | M49: Product-DB12469B | N49: 2 | O49: =SUM(P49:AB49) | AD49: 细 | AE49: Brand-Anonymized | AF49: 200 | AG49: C
B50: SKU-B376DBC8 | C50: 是 | D50: 9 | F50: 是 | I50: 是 | L50: 100 | M50: Product-12486764 | N50: 1 | O50: =SUM(P50:AB50) | AD50: 方 | AE50: Brand-Anonymized | AF50: 200 | AG50: C
B51: SKU-D051F69D | C51: 是 | D51: 10 | L51: 100 | M51: Product-89AAAC0F | N51: 1 | O51: =SUM(P51:AB51) | AC51: X | AD51: 标 | AE51: Brand-Anonymized | AF51: 200 | AG51: C
B52: SKU-D6DABD2C | C52: 是 | D52: 6 | E52: 是 | I52: 是 | L52: 100 | M52: Product-E13E7723 | N52: 1 | O52: =SUM(P52:AB52) | AC52: X | AD52: 细 | AE52: Brand-Anonymized | AF52: 200 | AG52: C
M53: 辽宁小计 | O53: =SUM(O48:O52) | P53: =SUM(P48:P52) | Q53: =SUM(Q48:Q52) | R53: =SUM(R48:R52) | S53: =SUM(S48:S52) | T53: =SUM(T48:T52) | U53: =SUM(U48:U52) | V53: =SUM(V48:V52) | ... AC53: =SUM(AC48:AC52)
A54: 吉林 | B54: SKU-58C29290 | C54: 是 | D54: 8 | L54: 100 | M54: Product-0F81BD89 | N54: 3 | O54: =SUM(P54:AB54) | AE54: Brand-Anonymized | AF54: 200
B55: SKU-204217AA | C55: 是 | D55: 9 | L55: 100 | M55: Product-65B192F5 | N55: 3 | O55: =SUM(P55:AB55) | AC55: T | AE55: Brand-Anonymized | AF55: 200
B56: SKU-AA06D68B | C56: 是 | D56: 5 | L56: 100 | M56: Product-BC490182 | N56: 1 | O56: =SUM(P56:AB56) | AE56: Brand-Anonymized | AF56: 200
B57: SKU-AB711576 | C57: 是 | D57: 7 | E57: 是 | I57: 是 | J57: 共 | L57: 100 | M57: Product-606B1B6A | N57: 2 | O57: =SUM(P57:AB57) | AC57: T | AD57: 细 | AE57: Brand-Anonymized | AF57: 200 | AG57: C
B58: SKU-9F810407 | C58: 是 | D58: 9 | F58: 是 | I58: 是 | L58: 100 | M58: Product-F93B8445 | N58: 3 | O58: =SUM(P58:AB58) | AD58: 细 | AE58: Brand-Anonymized | AF58: 200 | AG58: C
B59: SKU-F676B681 | C59: 是 | D59: 9 | F59: 是 | I59: 是 | L59: 100 | M59: Product-33875634 | N59: 1 | O59: =SUM(P59:AB59) | AE59: Brand-Anonymized | AF59: 200
B60: SKU-E4C1BC6F | C60: 是 | D60: 8 | E60: 是 | I60: 是 | J60: 共 | L60: 100 | M60: Product-10F9DCAD | N60: 1 | O60: =SUM(P60:AB60) | AD60: 细 | AE60: Brand-Anonymized | AF60: 200 | AG60: C
B61: SKU-CD605EDE | C61: 是 | D61: 9 | F61: 是 | I61: 是 | L61: 100 | M61: Product-219B759F | N61: 1 | O61: =SUM(P61:AB61) | AC61: X | AD61: 长 | AE61: Brand-Anonymized | AF61: 200 | AG61: C
M62: 吉林小计 | O62: =SUM(O54:O61) | P62: =SUM(P54:P61) | Q62: =SUM(Q54:Q61) | R62: =SUM(R54:R61) | S62: =SUM(S54:S61) | T62: =SUM(T54:T61) | U62: =SUM(U54:U61) | V62: =SUM(V54:V61) | ... AC62: =SUM(AC54:AC61)
A63: 深圳 | B63: SKU-BBC3DCE6 | C63: 是 | D63: 8 | E63: 是 | I63: 是 | L63: 100 | M63: Product-3237B6F2 | N63: 1 | O63: =SUM(P63:AB63) | AD63: 标 | AE63: Brand-Anonymized | AF63: 200 | AG63: C
B64: SKU-B505F1AF | C64: 是 | D64: 10 | F64: 是 | I64: 是 | L64: 100 | M64: Product-3EEAD3B7 | N64: 1 | O64: =SUM(P64:AB64) | AC64: X | AD64: 方 | AE64: Brand-Anonymized | AF64: 200 | AG64: C
M65: 深圳小计 | O65: =SUM(O63:O64) | P65: =SUM(P63:P64) | Q65: =SUM(Q63:Q64) | R65: =SUM(R63:R64) | S65: =SUM(S63:S64) | T65: =SUM(T63:T64) | U65: =SUM(U63:U64) | V65: =SUM(V63:V64) | ... AC65: =SUM(AC63:AC64)
A66: 甘肃 | B66: SKU-ADBD66B8 | C66: 是 | D66: 6 | L66: 100 | M66: Product-3232333E | N66: 3 | O66: =SUM(P66:AB66) | AC66: T | AE66: Brand-Anonymized | AF66: 200
B67: SKU-77309807 | C67: 是 | D67: 8 | J67: 共 | L67: 100 | M67: Product-569CC6FE | N67: 2 | O67: =SUM(P67:AB67) | AE67: Brand-Anonymized | AF67: 200
B68: SKU-20CF6943 | C68: 是 | D68: 8 | H68: 是 | I68: 是 | L68: 100 | M68: Product-D195C7CE | N68: 3 | O68: =SUM(P68:AB68) | AE68: Brand-Anonymized | AF68: 200
B69: SKU-64A5E460 | C69: 是 | D69: 8 | F69: 是 | I69: 是 | L69: 100 | M69: Product-6C74D635 | N69: 1 | O69: =SUM(P69:AB69) | AD69: 长 | AE69: Brand-Anonymized | AF69: 200 | AG69: C
M70: 甘肃小计 | O70: =SUM(O66:O69) | P70: =SUM(P66:P69) | Q70: =SUM(Q66:Q69) | R70: =SUM(R66:R69) | S70: =SUM(S66:S69) | T70: =SUM(T66:T69) | U70: =SUM(U66:U69) | V70: =SUM(V66:V69) | ... AC70: =SUM(AC66:AC69)
A71: 黑龙江 | B71: SKU-D485CCCA | D71: 10 | F71: 是 | I71: 是 | L71: 100 | M71: Product-05507059 | N71: 3 | O71: =SUM(P71:AB71) | AD71: 标 | AE71: Brand-Anonymized | AF71: 200 | AG71: C
B72: SKU-66238053 | D72: 8 | E72: 是 | I72: 是 | L72: 100 | M72: Product-B4F67B70 | N72: 2 | O72: =SUM(P72:AB72) | AD72: 标 | AE72: Brand-Anonymized | AF72: 200 | AG72: C
B73: SKU-AEC03642 | D73: 8 | F73: 是 | I73: 是 | L73: 100 | M73: Product-5A4A091A | N73: 1 | O73: =SUM(P73:AB73) | AC73: X | AE73: Brand-Anonymized | AF73: 200
M74: 黑龙江小计 | O74: =SUM(O71:O73) | P74: =SUM(P71:P73) | Q74: =SUM(Q71:Q73) | R74: =SUM(R71:R73) | S74: =SUM(S71:S73) | T74: =SUM(T71:T73) | U74: =SUM(U71:U73) | V74: =SUM(V71:V73) | ... AC74: =SUM(AC71:AC73)
A75: 内蒙 | B75: SKU-6FADBEBD | C75: 是 | D75: 5 | E75: 是 | I75: 是 | J75: 共 | L75: 100 | M75: Product-224E6368 | N75: 1 | O75: =SUM(P75:AB75) | AD75: 细 | AE75: Brand-Anonymized | AF75: 200 | AG75: C
B76: SKU-6772DEBE | C76: 是 | D76: 6 | F76: 是 | I76: 是 | L76: 100 | M76: Product-82693D22 | N76: 1 | O76: =SUM(P76:AB76) | AD76: 长 | AE76: Brand-Anonymized | AF76: 200 | AG76: C
B77: SKU-3B2628FE | C77: 是 | D77: 8 | F77: 是 | I77: 是 | L77: 100 | M77: Product-F68D7468 | N77: 1 | O77: =SUM(P77:AB77) | AE77: Brand-Anonymized | AF77: 200
B78: SKU-01CFC7C8 | C78: 是 | D78: 3 | E78: 是 | I78: 是 | L78: 100 | M78: Product-1385CA82 | N78: 1 | O78: =SUM(P78:AB78) | AC78: X | AD78: 细 | AE78: Brand-Anonymized | AF78: 200 | AG78: C
B79: SKU-3BC6D3D6 | C79: 是 | D79: 10 | L79: 100 | M79: Product-7FD02DE1 | N79: 2 | O79: =SUM(P79:AB79) | AE79: Brand-Anonymized | AF79: 200
M80: 内蒙小计 | O80: =SUM(O75:O79) | P80: =SUM(P75:P79) | Q80: =SUM(Q75:Q79) | R80: =SUM(R75:R79) | S80: =SUM(S75:S79) | T80: =SUM(T75:T79) | U80: =SUM(U75:U79) | V80: =SUM(V75:V79) | ... AC80: =SUM(AC75:AC79)
A81: 海南 | B81: SKU-2379F692 | D81: 8 | E81: 是 | H81: 是 | I81: 是 | L81: 100 | M81: Product-1E77ED33 | N81: 1 | O81: =SUM(P81:AB81) | AD81: 标 | AE81: Brand-Anonymized | AF81: 200 | AG81: C
B82: SKU-F2B0F984 | D82: 10 | L82: 100 | M82: Product-BB38CDED | N82: 1 | O82: =SUM(P82:AB82) | AC82: X | AD82: 标 | AE82: Brand-Anonymized | AF82: 200 | AG82: C
M83: 海南小计 | O83: =SUM(O81:O82) | P83: =SUM(P81:P82) | Q83: =SUM(Q81:Q82) | R83: =SUM(R81:R82) | S83: =SUM(S81:S82) | T83: =SUM(T81:T82) | U83: =SUM(U81:U82) | V83: =SUM(V81:V82) | ... AC83: =SUM(AC81:AC82)
M84: 中烟实业小计 | O84: =SUMIF($N$48:$N$83,">0",O48:O83) | P84: =SUMIF($N$48:$N$83,">0",P48:P83) | Q84: =SUMIF($N$48:$N$83,">0",Q48:Q83) | R84: =SUMIF($N$48:$N$83,">0",R48:R83) | S84: =SUMIF($N$48:$N$83,">0",S48:S83) | T84: =SUMIF($N$48:$N$83,">0",T48:T83) | U84: =SUMIF($N$48:$N$83,">0",U48:U83) | V84: =SUMIF($N$48:$N$83,">0",V48:V83) | ... AC84: =SUMIF($N$48:$N$83,">0",AC48:AC83)
A85: 江苏 | B85: SKU-8A01A251 | C85: 是 | D85: 11 | L85: 100 | M85: Product-E520A49A | N85: 2 | O85: =SUM(P85:AB85) | AE85: Brand-Anonymized | AF85: 200
B86: SKU-F12BD851 | C86: 是 | D86: 11 | J86: 共 | L86: 100 | M86: Product-C8CC2E46 | N86: 2 | O86: =SUM(P86:AB86) | AE86: Brand-Anonymized | AF86: 200
B87: SKU-FBC6A90A | C87: 是 | D87: 11 | L87: 100 | M87: Product-6215959E | N87: 1 | O87: =SUM(P87:AB87) | AD87: 标 | AE87: Brand-Anonymized | AF87: 200 | AG87: C
B88: SKU-8D50A17D | C88: 是 | D88: 5 | E88: 是 | I88: 是 | J88: 共 | L88: 100 | M88: Product-33956506 | N88: 1 | O88: =SUM(P88:AB88) | AC88: T | AD88: 细 | AE88: Brand-Anonymized | AF88: 200 | AG88: C
B89: SKU-685DD3D2 | C89: 是 | D89: 6 | E89: 是 | I89: 是 | J89: 共 | L89: 100 | M89: Product-F61FD83C | N89: 1 | O89: =SUM(P89:AB89) | AD89: 细 | AE89: Brand-Anonymized | AF89: 200 | AG89: C
B90: SKU-55E23DA5 | C90: 是 | D90: 8 | E90: 是 | I90: 是 | J90: 共 | L90: 100 | M90: Product-7D170E46 | N90: 2 | O90: =SUM(P90:AB90) | AD90: 细 | AE90: Brand-Anonymized | AF90: 200 | AG90: C
B91: SKU-07310B8A | C91: 是 | D91: 5 | E91: 是 | I91: 是 | J91: 共 | L91: 100 | M91: Product-9FF55A7C | N91: 1 | O91: =SUM(P91:AB91) | AC91: C | AD91: 方 | AE91: Brand-Anonymized | AF91: 200 | AG91: C
B92: SKU-8EBE1AD6 | C92: 是 | D92: 6 | E92: 是 | I92: 是 | L92: 100 | M92: Product-9A6C9779 | N92: 1 | O92: =SUM(P92:AB92) | AD92: 细 | AE92: Brand-Anonymized | AF92: 200 | AG92: C
B93: SKU-06D5C6B5 | C93: 是 | D93: 11 | J93: 共 | L93: 100 | M93: Product-79046E1F | N93: 1 | O93: =SUM(P93:AB93) | AC93: C | AD93: 标 | AE93: Brand-Anonymized | AF93: 200 | AG93: C
B94: SKU-0472D802 | C94: 是 | D94: 6 | E94: 是 | I94: 是 | L94: 100 | M94: Product-0EE8F563 | N94: 1 | O94: =SUM(P94:AB94) | AD94: 细 | AE94: Brand-Anonymized | AF94: 200 | AG94: C
B95: SKU-8992A5AF | C95: 是 | D95: 10 | L95: 100 | M95: Product-15073DAA | N95: 1 | O95: =SUM(P95:AB95) | AC95: X | AD95: 标 | AE95: Brand-Anonymized | AF95: 200 | AG95: C
B96: SKU-9DFEFE7F | C96: 是 | D96: 6 | E96: 是 | H96: 是 | I96: 是 | L96: 100 | M96: Product-14B419F6 | N96: 1 | O96: =SUM(P96:AB96) | AC96: X | AD96: 细 | AE96: Brand-Anonymized | AF96: 200 | AG96: C
B97: SKU-707B6E8A | C97: 是 | D97: 3 | E97: 是 | I97: 是 | L97: 100 | M97: Product-069A5966 | N97: 1 | O97: =SUM(P97:AB97) | AC97: X | AD97: 标 | AE97: Brand-Anonymized | AF97: 200 | AG97: C
B98: SKU-5969B13C | C98: 是 | D98: 11 | J98: 共 | L98: 100 | M98: Product-D41D58A6 | N98: 1 | O98: =SUM(P98:AB98) | AC98: T | AE98: Brand-Anonymized | AF98: 200
B99: SKU-54FF462C | C99: 是 | D99: 11 | J99: 共 | L99: 100 | M99: Product-61A907C6 | N99: 1 | O99: =SUM(P99:AB99) | AE99: Brand-Anonymized | AF99: 200
B100: SKU-124FFA8F | C100: 是 | D100: 8 | F100: 是 | I100: 是 | L100: 100 | M100: Product-D911580D | N100: 1 | O100: =SUM(P100:AB100) | AE100: Brand-Anonymized | AF100: 200
...

Sheet 计划落实
M1: 2025年上 | AH1: 20
A2: 工业 | B2: 代码 | C2: 重 | D2: 焦 | E2: 细 | F2: 中 | G2: 短 | H2: 爆 | I2: 创 | J2: 共 | K2: 混 | L2: 批发价 | M2: 卷烟名称 | N2: 类 | O2: 合计 | P2: 一分 | Q2: 二分 | R2: 三分 | S2: 东丽 | T2: 西青 | U2: 津南 | V2: 北辰 | W2: 滨海 | X2: 武清 | Y2: 宝坻 | Z2: 蓟州 | AA2: 静海 | AB2: 宁河 | AC2: 属 | AD2: C类 | AE2: 品牌 | AF2: 条支比 | AG2: 计划剩余 | AH2: 剩余轮均
A3: 上海 | B3: SKU-C78CA26A | C3: 是 | D3: 8 | K3: 是 | L3: 100 | M3: Product-0CBDA773 | N3: 3 | O3: =SUM(P3:AB3) | P3: =ROUND(#REF!+#REF!+#REF!+预安排!F2+#REF!+'6月'!P3,5) | Q3: =ROUND(#REF!+#REF!+#REF!+预安排!#REF!+#REF!+'6月'!Q3,5) | R3: =ROUND(#REF!+#REF!+#REF!+预安排!G2+#REF!+'6月'!R3,5) | S3: =ROUND(#REF!+#REF!+#REF!+预安排!#REF!+#REF!+'6月'!S3,5) | T3: =ROUND(#REF!+#REF!+#REF!+预安排!#REF!+#REF!+'6月'!T3,5) | U3: =ROUND(#REF!+#REF!+#REF!+预安排!O2+#REF!+'6月'!U3,5) | V3: =ROUND(#REF!+#REF!+#REF!+预安排!P2+#REF!+'6月'!V3,5) | W3: =ROUND(#REF!+#REF!+#REF!+预安排!Q2+#REF!+'6月'!W3,5) | X3: =ROUND(#REF!+#REF!+#REF!+预安排!R2+#REF!+'6月'!X3,5) | Y3: =ROUND(#REF!+#REF!+#REF!+预安排!S2+#REF!+'6月'!Y3,5) | Z3: =ROUND(#REF!+#REF!+#REF!+预安排!#REF!+#REF!+'6月'!Z3,5) | AA3: =ROUND(#REF!+#REF!+#REF!+预安排!#REF!+#REF!+'6月'!AA3,5) | AB3: =ROUND(#REF!+#REF!+#REF!+预安排!#REF!+#REF!+'6月'!AB3,5) | AE3: Brand-Anonymized | AF3: 200 | AG3: =计划!O3-O3 | AH3: =ROUND(AG3/$AH$1,2)
B4: SKU-FEFFF06B | C4: 是 | D4: 5 | K4: 是 | L4: 100 | M4: Product-2824E2BD | N4: 2 | O4: =SUM(P4:AB4) | P4: =ROUND(#REF!+#REF!+#REF!+预安排!F3+#REF!+'6月'!P4,5) | Q4: =ROUND(#REF!+#REF!+#REF!+预安排!#REF!+#REF!+'6月'!Q4,5) | R4: =ROUND(#REF!+#REF!+#REF!+预安排!G3+#REF!+'6月'!R4,5) | S4: =ROUND(#REF!+#REF!+#REF!+预安排!#REF!+#REF!+'6月'!S4,5) | T4: =ROUND(#REF!+#REF!+#REF!+预安排!#REF!+#REF!+'6月'!T4,5) | U4: =ROUND(#REF!+#REF!+#REF!+预安排!O3+#REF!+'6月'!U4,5) | V4: =ROUND(#REF!+#REF!+#REF!+预安排!P3+#REF!+'6月'!V4,5) | W4: =ROUND(#REF!+#REF!+#REF!+预安排!Q3+#REF!+'6月'!W4,5) | X4: =ROUND(#REF!+#REF!+#REF!+预安排!R3+#REF!+'6月'!X4,5) | Y4: =ROUND(#REF!+#REF!+#REF!+预安排!S3+#REF!+'6月'!Y4,5) | Z4: =ROUND(#REF!+#REF!+#REF!+预安排!#REF!+#REF!+'6月'!Z4,5) | AA4: =ROUND(#REF!+#REF!+#REF!+预安排!#REF!+#REF!+'6月'!AA4,5) | AB4: =ROUND(#REF!+#REF!+#REF!+预安排!#REF!+#REF!+'6月'!AB4,5) | AC4: T | AE4: Brand-Anonymized | AF4: 200 | AG4: =计划!O4-O4 | AH4: =ROUND(AG4/$AH$1,2)
B5: SKU-2866FD1A | C5: 是 | D5: 8 | K5: 是 | L5: 100 | M5: Product-B05D24B5 | N5: 3 | O5: =SUM(P5:AB5) | P5: =ROUND(#REF!+#REF!+#REF!+预安排!F4+#REF!+'6月'!P5,5) | Q5: =ROUND(#REF!+#REF!+#REF!+预安排!#REF!+#REF!+'6月'!Q5,5) | R5: =ROUND(#REF!+#REF!+#REF!+预安排!G4+#REF!+'6月'!R5,5) | S5: =ROUND(#REF!+#REF!+#REF!+预安排!#REF!+#REF!+'6月'!S5,5) | T5: =ROUND(#REF!+#REF!+#REF!+预安排!#REF!+#REF!+'6月'!T5,5) | U5: =ROUND(#REF!+#REF!+#REF!+预安排!O4+#REF!+'6月'!U5,5) | V5: =ROUND(#REF!+#REF!+#REF!+预安排!P4+#REF!+'6月'!V5,5) | W5: =ROUND(#REF!+#REF!+#REF!+预安排!Q4+#REF!+'6月'!W5,5) | X5: =ROUND(#REF!+#REF!+#REF!+预安排!R4+#REF!+'6月'!X5,5) | Y5: =ROUND(#REF!+#REF!+#REF!+预安排!S4+#REF!+'6月'!Y5,5) | Z5: =ROUND(#REF!+#REF!+#REF!+预安排!#REF!+#REF!+'6月'!Z5,5) | AA5: =ROUND(#REF!+#REF!+#REF!+预安排!#REF!+#REF!+'6月'!AA5,5) | AB5: =ROUND(#REF!+#REF!+#REF!+预安排!#REF!+#REF!+'6月'!AB5,5) | AE5: Brand-Anonymized | AF5: 200 | AG5: =计划!O5-O5 | AH5: =ROUND(AG5/$AH$1,2)
B6: SKU-0260B714 | C6: 是 | D6: 5 | K6: 是 | L6: 100 | M6: Product-9FA41960 | N6: 2 | O6: =SUM(P6:AB6) | P6: =ROUND(#REF!+#REF!+#REF!+预安排!F5+#REF!+'6月'!P6,5) | Q6: =ROUND(#REF!+#REF!+#REF!+预安排!#REF!+#REF!+'6月'!Q6,5) | R6: =ROUND(#REF!+#REF!+#REF!+预安排!G5+#REF!+'6月'!R6,5) | S6: =ROUND(#REF!+#REF!+#REF!+预安排!#REF!+#REF!+'6月'!S6,5) | T6: =ROUND(#REF!+#REF!+#REF!+预安排!#REF!+#REF!+'6月'!T6,5) | U6: =ROUND(#REF!+#REF!+#REF!+预安排!O5+#REF!+'6月'!U6,5) | V6: =ROUND(#REF!+#REF!+#REF!+预安排!P5+#REF!+'6月'!V6,5) | W6: =ROUND(#REF!+#REF!+#REF!+预安排!Q5+#REF!+'6月'!W6,5) | X6: =ROUND(#REF!+#REF!+#REF!+预安排!R5+#REF!+'6月'!X6,5) | Y6: =ROUND(#REF!+#REF!+#REF!+预安排!S5+#REF!+'6月'!Y6,5) | Z6: =ROUND(#REF!+#REF!+#REF!+预安排!#REF!+#REF!+'6月'!Z6,5) | AA6: =ROUND(#REF!+#REF!+#REF!+预安排!#REF!+#REF!+'6月'!AA6,5) | AB6: =ROUND(#REF!+#REF!+#REF!+预安排!#REF!+#REF!+'6月'!AB6,5) | AE6: Brand-Anonymized | AF6: 200 | AG6: =计划!O6-O6 | AH6: =ROUND(AG6/$AH$1,2)
B7: SKU-80DD304E | C7: 是 | D7: 5 | F7: 是 | I7: 是 | K7: 是 | L7: 100 | M7: Product-104B7147 | N7: 2 | O7: =SUM(P7:AB7) | P7: =ROUND(#REF!+#REF!+#REF!+预安排!F6+#REF!+'6月'!P7,5) | Q7: =ROUND(#REF!+#REF!+#REF!+预安排!#REF!+#REF!+'6月'!Q7,5) | R7: =ROUND(#REF!+#REF!+#REF!+预安排!G6+#REF!+'6月'!R7,5) | S7: =ROUND(#REF!+#REF!+#REF!+预安排!#REF!+#REF!+'6月'!S7,5) | T7: =ROUND(#REF!+#REF!+#REF!+预安排!#REF!+#REF!+'6月'!T7,5) | U7: =ROUND(#REF!+#REF!+#REF!+预安排!O6+#REF!+'6月'!U7,5) | V7: =ROUND(#REF!+#REF!+#REF!+预安排!P6+#REF!+'6月'!V7,5) | W7: =ROUND(#REF!+#REF!+#REF!+预安排!Q6+#REF!+'6月'!W7,5) | X7: =ROUND(#REF!+#REF!+#REF!+预安排!R6+#REF!+'6月'!X7,5) | Y7: =ROUND(#REF!+#REF!+#REF!+预安排!S6+#REF!+'6月'!Y7,5) | Z7: =ROUND(#REF!+#REF!+#REF!+预安排!#REF!+#REF!+'6月'!Z7,5) | AA7: =ROUND(#REF!+#REF!+#REF!+预安排!#REF!+#REF!+'6月'!AA7,5) | AB7: =ROUND(#REF!+#REF!+#REF!+预安排!#REF!+#REF!+'6月'!AB7,5) | AC7: C | AD7: 标 | AE7: Brand-Anonymized | AF7: 200 | AG7: =计划!O7-O7 | AH7: =ROUND(AG7/$AH$1,2)
B8: SKU-1DE29866 | C8: 是 | D8: 5 | F8: 是 | H8: 是 | I8: 是 | K8: 是 | L8: 100 | M8: Product-F23B59C1 | N8: 1 | O8: =SUM(P8:AB8) | P8: =ROUND(#REF!+#REF!+#REF!+预安排!F7+#REF!+'6月'!P8,5) | Q8: =ROUND(#REF!+#REF!+#REF!+预安排!#REF!+#REF!+'6月'!Q8,5) | R8: =ROUND(#REF!+#REF!+#REF!+预安排!G7+#REF!+'6月'!R8,5) | S8: =ROUND(#REF!+#REF!+#REF!+预安排!#REF!+#REF!+'6月'!S8,5) | T8: =ROUND(#REF!+#REF!+#REF!+预安排!#REF!+#REF!+'6月'!T8,5) | U8: =ROUND(#REF!+#REF!+#REF!+预安排!O7+#REF!+'6月'!U8,5) | V8: =ROUND(#REF!+#REF!+#REF!+预安排!P7+#REF!+'6月'!V8,5) | W8: =ROUND(#REF!+#REF!+#REF!+预安排!Q7+#REF!+'6月'!W8,5) | X8: =ROUND(#REF!+#REF!+#REF!+预安排!R7+#REF!+'6月'!X8,5) | Y8: =ROUND(#REF!+#REF!+#REF!+预安排!S7+#REF!+'6月'!Y8,5) | Z8: =ROUND(#REF!+#REF!+#REF!+预安排!#REF!+#REF!+'6月'!Z8,5) | AA8: =ROUND(#REF!+#REF!+#REF!+预安排!#REF!+#REF!+'6月'!AA8,5) | AB8: =ROUND(#REF!+#REF!+#REF!+预安排!#REF!+#REF!+'6月'!AB8,5) | AC8: X | AD8: 标 | AE8: Brand-Anonymized | AF8: 200 | AG8: =计划!O8-O8 | AH8: =ROUND(AG8/$AH$1,2)
B9: 6 | M9: 北京小计 | O9: =SUM(O3:O8) | P9: =SUM(P3:P8) | Q9: =SUM(Q3:Q8) | R9: =SUM(R3:R8) | S9: =SUM(S3:S8) | T9: =SUM(T3:T8) | U9: =SUM(U3:U8) | V9: =SUM(V3:V8) | ... AC9: =SUM(AC3:AC8) | AG9: =计划!O9-O9 | AH9: =ROUND(AG9/$AH$1,2)
B10: SKU-D208A1F4 | D10: 9 | L10: 100 | M10: Product-DE70A72E | N10: 3 | O10: =SUM(P10:AB10) | P10: =ROUND(#REF!+#REF!+#REF!+预安排!F10+#REF!+'6月'!P10,5) | Q10: =ROUND(#REF!+#REF!+#REF!+预安排!#REF!+#REF!+'6月'!Q10,5) | R10: =ROUND(#REF!+#REF!+#REF!+预安排!G10+#REF!+'6月'!R10,5) | S10: =ROUND(#REF!+#REF!+#REF!+预安排!#REF!+#REF!+'6月'!S10,5) | T10: =ROUND(#REF!+#REF!+#REF!+预安排!#REF!+#REF!+'6月'!T10,5) | U10: =ROUND(#REF!+#REF!+#REF!+预安排!O10+#REF!+'6月'!U10,5) | V10: =ROUND(#REF!+#REF!+#REF!+预安排!P10+#REF!+'6月'!V10,5) | W10: =ROUND(#REF!+#REF!+#REF!+预安排!Q10+#REF!+'6月'!W10,5) | X10: =ROUND(#REF!+#REF!+#REF!+预安排!R10+#REF!+'6月'!X10,5) | Y10: =ROUND(#REF!+#REF!+#REF!+预安排!S10+#REF!+'6月'!Y10,5) | Z10: =ROUND(#REF!+#REF!+#REF!+预安排!#REF!+#REF!+'6月'!Z10,5) | AA10: =ROUND(#REF!+#REF!+#REF!+预安排!#REF!+#REF!+'6月'!AA10,5) | AB10: =ROUND(#REF!+#REF!+#REF!+预安排!#REF!+#REF!+'6月'!AB10,5) | AC10: T | AE10: Brand-Anonymized | AF10: 200 | AG10: =计划!O10-O10 | AH10: =ROUND(AG10/$AH$1,2)
B11: SKU-07FCDFBC | D11: 10 | G11: 是 | I11: 是 | L11: 100 | M11: Product-7A1FEE2B | N11: 1 | O11: =SUM(P11:AB11) | P11: =ROUND(#REF!+#REF!+#REF!+预安排!F11+#REF!+'6月'!P11,5) | Q11: =ROUND(#REF!+#REF!+#REF!+预安排!#REF!+#REF!+'6月'!Q11,5) | R11: =ROUND(#REF!+#REF!+#REF!+预安排!G11+#REF!+'6月'!R11,5) | S11: =ROUND(#REF!+#REF!+#REF!+预安排!#REF!+#REF!+'6月'!S11,5) | T11: =ROUND(#REF!+#REF!+#REF!+预安排!#REF!+#REF!+'6月'!T11,5) | U11: =ROUND(#REF!+#REF!+#REF!+预安排!O11+#REF!+'6月'!U11,5) | V11: =ROUND(#REF!+#REF!+#REF!+预安排!P11+#REF!+'6月'!V11,5) | W11: =ROUND(#REF!+#REF!+#REF!+预安排!Q11+#REF!+'6月'!W11,5) | X11: =ROUND(#REF!+#REF!+#REF!+预安排!R11+#REF!+'6月'!X11,5) | Y11: =ROUND(#REF!+#REF!+#REF!+预安排!S11+#REF!+'6月'!Y11,5) | Z11: =ROUND(#REF!+#REF!+#REF!+预安排!#REF!+#REF!+'6月'!Z11,5) | AA11: =ROUND(#REF!+#REF!+#REF!+预安排!#REF!+#REF!+'6月'!AA11,5) | AB11: =ROUND(#REF!+#REF!+#REF!+预安排!#REF!+#REF!+'6月'!AB11,5) | AD11: 标 | AE11: Brand-Anonymized | AF11: 200 | AG11: =计划!O11-O11 | AH11: =ROUND(AG11/$AH$1,2)
B12: SKU-F24DC4CC | D12: 10 | L12: 100 | M12: Product-3F617BC6 | N12: 1 | O12: =SUM(P12:AB12) | P12: =ROUND(#REF!+#REF!+#REF!+预安排!F12+#REF!+'6月'!P12,5) | Q12: =ROUND(#REF!+#REF!+#REF!+预安排!#REF!+#REF!+'6月'!Q12,5) | R12: =ROUND(#REF!+#REF!+#REF!+预安排!G12+#REF!+'6月'!R12,5) | S12: =ROUND(#REF!+#REF!+#REF!+预安排!#REF!+#REF!+'6月'!S12,5) | T12: =ROUND(#REF!+#REF!+#REF!+预安排!#REF!+#REF!+'6月'!T12,5) | U12: =ROUND(#REF!+#REF!+#REF!+预安排!O12+#REF!+'6月'!U12,5) | V12: =ROUND(#REF!+#REF!+#REF!+预安排!P12+#REF!+'6月'!V12,5) | W12: =ROUND(#REF!+#REF!+#REF!+预安排!Q12+#REF!+'6月'!W12,5) | X12: =ROUND(#REF!+#REF!+#REF!+预安排!R12+#REF!+'6月'!X12,5) | Y12: =ROUND(#REF!+#REF!+#REF!+预安排!S12+#REF!+'6月'!Y12,5) | Z12: =ROUND(#REF!+#REF!+#REF!+预安排!#REF!+#REF!+'6月'!Z12,5) | AA12: =ROUND(#REF!+#REF!+#REF!+预安排!#REF!+#REF!+'6月'!AA12,5) | AB12: =ROUND(#REF!+#REF!+#REF!+预安排!#REF!+#REF!+'6月'!AB12,5) | AD12: 方 | AE12: Brand-Anonymized | AF12: 200 | AG12: =计划!O12-O12 | AH12: =ROUND(AG12/$AH$1,2)
B13: SKU-D943D84F | D13: 10 | L13: 100 | M13: Product-9C089579 | N13: 1 | O13: =SUM(P13:AB13) | P13: =ROUND(#REF!+#REF!+#REF!+预安排!F13+#REF!+'6月'!P13,5) | Q13: =ROUND(#REF!+#REF!+#REF!+预安排!#REF!+#REF!+'6月'!Q13,5) | R13: =ROUND(#REF!+#REF!+#REF!+预安排!G13+#REF!+'6月'!R13,5) | S13: =ROUND(#REF!+#REF!+#REF!+预安排!#REF!+#REF!+'6月'!S13,5) | T13: =ROUND(#REF!+#REF!+#REF!+预安排!#REF!+#REF!+'6月'!T13,5) | U13: =ROUND(#REF!+#REF!+#REF!+预安排!O13+#REF!+'6月'!U13,5) | V13: =ROUND(#REF!+#REF!+#REF!+预安排!P13+#REF!+'6月'!V13,5) | W13: =ROUND(#REF!+#REF!+#REF!+预安排!Q13+#REF!+'6月'!W13,5) | X13: =ROUND(#REF!+#REF!+#REF!+预安排!R13+#REF!+'6月'!X13,5) | Y13: =ROUND(#REF!+#REF!+#REF!+预安排!S13+#REF!+'6月'!Y13,5) | Z13: =ROUND(#REF!+#REF!+#REF!+预安排!#REF!+#REF!+'6月'!Z13,5) | AA13: =ROUND(#REF!+#REF!+#REF!+预安排!#REF!+#REF!+'6月'!AA13,5) | AB13: =ROUND(#REF!+#REF!+#REF!+预安排!#REF!+#REF!+'6月'!AB13,5) | AE13: Brand-Anonymized | AF13: 200 | AG13: =计划!O13-O13 | AH13: =ROUND(AG13/$AH$1,2)
B14: SKU-6D9E63BD | D14: 8 | F14: 是 | I14: 是 | L14: 100 | M14: Product-BC499EF2 | N14: 1 | O14: =SUM(P14:AB14) | P14: =ROUND(#REF!+#REF!+#REF!+预安排!F14+#REF!+'6月'!P14,5) | Q14: =ROUND(#REF!+#REF!+#REF!+预安排!#REF!+#REF!+'6月'!Q14,5) | R14: =ROUND(#REF!+#REF!+#REF!+预安排!G14+#REF!+'6月'!R14,5) | S14: =ROUND(#REF!+#REF!+#REF!+预安排!#REF!+#REF!+'6月'!S14,5) | T14: =ROUND(#REF!+#REF!+#REF!+预安排!#REF!+#REF!+'6月'!T14,5) | U14: =ROUND(#REF!+#REF!+#REF!+预安排!O14+#REF!+'6月'!U14,5) | V14: =ROUND(#REF!+#REF!+#REF!+预安排!P14+#REF!+'6月'!V14,5) | W14: =ROUND(#REF!+#REF!+#REF!+预安排!Q14+#REF!+'6月'!W14,5) | X14: =ROUND(#REF!+#REF!+#REF!+预安排!R14+#REF!+'6月'!X14,5) | Y14: =ROUND(#REF!+#REF!+#REF!+预安排!S14+#REF!+'6月'!Y14,5) | Z14: =ROUND(#REF!+#REF!+#REF!+预安排!#REF!+#REF!+'6月'!Z14,5) | AA14: =ROUND(#REF!+#REF!+#REF!+预安排!#REF!+#REF!+'6月'!AA14,5) | AB14: =ROUND(#REF!+#REF!+#REF!+预安排!#REF!+#REF!+'6月'!AB14,5) | AC14: C | AD14: 方 | AE14: Brand-Anonymized | AF14: 200 | AG14: =计划!O14-O14 | AH14: =ROUND(AG14/$AH$1,2)
B15: SKU-01FF2431 | D15: 8 | F15: 是 | I15: 是 | L15: 100 | M15: Product-C54A353F | N15: 1 | O15: =SUM(P15:AB15) | P15: =ROUND(#REF!+#REF!+#REF!+预安排!F15+#REF!+'6月'!P15,5) | Q15: =ROUND(#REF!+#REF!+#REF!+预安排!#REF!+#REF!+'6月'!Q15,5) | R15: =ROUND(#REF!+#REF!+#REF!+预安排!G15+#REF!+'6月'!R15,5) | S15: =ROUND(#REF!+#REF!+#REF!+预安排!#REF!+#REF!+'6月'!S15,5) | T15: =ROUND(#REF!+#REF!+#REF!+预安排!#REF!+#REF!+'6月'!T15,5) | U15: =ROUND(#REF!+#REF!+#REF!+预安排!O15+#REF!+'6月'!U15,5) | V15: =ROUND(#REF!+#REF!+#REF!+预安排!P15+#REF!+'6月'!V15,5) | W15: =ROUND(#REF!+#REF!+#REF!+预安排!Q15+#REF!+'6月'!W15,5) | X15: =ROUND(#REF!+#REF!+#REF!+预安排!R15+#REF!+'6月'!X15,5) | Y15: =ROUND(#REF!+#REF!+#REF!+预安排!S15+#REF!+'6月'!Y15,5) | Z15: =ROUND(#REF!+#REF!+#REF!+预安排!#REF!+#REF!+'6月'!Z15,5) | AA15: =ROUND(#REF!+#REF!+#REF!+预安排!#REF!+#REF!+'6月'!AA15,5) | AB15: =ROUND(#REF!+#REF!+#REF!+预安排!#REF!+#REF!+'6月'!AB15,5) | AC15: C | AD15: 标 | AE15: Brand-Anonymized | AF15: 200 | AG15: =计划!O15-O15 | AH15: =ROUND(AG15/$AH$1,2)
B16: SKU-8916FAEC | D16: 8 | F16: 是 | I16: 是 | J16: 共 | L16: 100 | M16: Product-558A622A | N16: 1 | O16: =SUM(P16:AB16) | P16: =ROUND(#REF!+#REF!+#REF!+预安排!F16+#REF!+'6月'!P16,5) | Q16: =ROUND(#REF!+#REF!+#REF!+预安排!#REF!+#REF!+'6月'!Q16,5) | R16: =ROUND(#REF!+#REF!+#REF!+预安排!G16+#REF!+'6月'!R16,5) | S16: =ROUND(#REF!+#REF!+#REF!+预安排!#REF!+#REF!+'6月'!S16,5) | T16: =ROUND(#REF!+#REF!+#REF!+预安排!#REF!+#REF!+'6月'!T16,5) | U16: =ROUND(#REF!+#REF!+#REF!+预安排!O16+#REF!+'6月'!U16,5) | V16: =ROUND(#REF!+#REF!+#REF!+预安排!P16+#REF!+'6月'!V16,5) | W16: =ROUND(#REF!+#REF!+#REF!+预安排!Q16+#REF!+'6月'!W16,5) | X16: =ROUND(#REF!+#REF!+#REF!+预安排!R16+#REF!+'6月'!X16,5) | Y16: =ROUND(#REF!+#REF!+#REF!+预安排!S16+#REF!+'6月'!Y16,5) | Z16: =ROUND(#REF!+#REF!+#REF!+预安排!#REF!+#REF!+'6月'!Z16,5) | AA16: =ROUND(#REF!+#REF!+#REF!+预安排!#REF!+#REF!+'6月'!AA16,5) | AB16: =ROUND(#REF!+#REF!+#REF!+预安排!#REF!+#REF!+'6月'!AB16,5) | AC16: C | AD16: 长 | AE16: Brand-Anonymized | AF16: 200 | AG16: =计划!O16-O16 | AH16: =ROUND(AG16/$AH$1,2)
B17: SKU-13F48E9F | D17: 8 | F17: 是 | I17: 是 | L17: 100 | M17: Product-9B1626A5 | N17: 1 | O17: =SUM(P17:AB17) | P17: =ROUND(#REF!+#REF!+#REF!+预安排!F17+#REF!+'6月'!P17,5) | Q17: =ROUND(#REF!+#REF!+#REF!+预安排!#REF!+#REF!+'6月'!Q17,5) | R17: =ROUND(#REF!+#REF!+#REF!+预安排!G17+#REF!+'6月'!R17,5) | S17: =ROUND(#REF!+#REF!+#REF!+预安排!#REF!+#REF!+'6月'!S17,5) | T17: =ROUND(#REF!+#REF!+#REF!+预安排!#REF!+#REF!+'6月'!T17,5) | U17: =ROUND(#REF!+#REF!+#REF!+预安排!O17+#REF!+'6月'!U17,5) | V17: =ROUND(#REF!+#REF!+#REF!+预安排!P17+#REF!+'6月'!V17,5) | W17: =ROUND(#REF!+#REF!+#REF!+预安排!Q17+#REF!+'6月'!W17,5) | X17: =ROUND(#REF!+#REF!+#REF!+预安排!R17+#REF!+'6月'!X17,5) | Y17: =ROUND(#REF!+#REF!+#REF!+预安排!S17+#REF!+'6月'!Y17,5) | Z17: =ROUND(#REF!+#REF!+#REF!+预安排!#REF!+#REF!+'6月'!Z17,5) | AA17: =ROUND(#REF!+#REF!+#REF!+预安排!#REF!+#REF!+'6月'!AA17,5) | AB17: =ROUND(#REF!+#REF!+#REF!+预安排!#REF!+#REF!+'6月'!AB17,5) | AC17: C | AD17: 长 | AE17: Brand-Anonymized | AF17: 200 | AG17: =计划!O17-O17 | AH17: =ROUND(AG17/$AH$1,2)
B18: SKU-84735B62 | C18: 是 | D18: 10 | L18: 100 | M18: Product-61AE19F7 | N18: 3 | O18: =SUM(P18:AB18) | P18: =ROUND(#REF!+#REF!+#REF!+预安排!F18+#REF!+'6月'!P18,5) | Q18: =ROUND(#REF!+#REF!+#REF!+预安排!#REF!+#REF!+'6月'!Q18,5) | R18: =ROUND(#REF!+#REF!+#REF!+预安排!G18+#REF!+'6月'!R18,5) | S18: =ROUND(#REF!+#REF!+#REF!+预安排!#REF!+#REF!+'6月'!S18,5) | T18: =ROUND(#REF!+#REF!+#REF!+预安排!#REF!+#REF!+'6月'!T18,5) | U18: =ROUND(#REF!+#REF!+#REF!+预安排!O18+#REF!+'6月'!U18,5) | V18: =ROUND(#REF!+#REF!+#REF!+预安排!P18+#REF!+'6月'!V18,5) | W18: =ROUND(#REF!+#REF!+#REF!+预安排!Q18+#REF!+'6月'!W18,5) | X18: =ROUND(#REF!+#REF!+#REF!+预安排!R18+#REF!+'6月'!X18,5) | Y18: =ROUND(#REF!+#REF!+#REF!+预安排!S18+#REF!+'6月'!Y18,5) | Z18: =ROUND(#REF!+#REF!+#REF!+预安排!#REF!+#REF!+'6月'!Z18,5) | AA18: =ROUND(#REF!+#REF!+#REF!+预安排!#REF!+#REF!+'6月'!AA18,5) | AB18: =ROUND(#REF!+#REF!+#REF!+预安排!#REF!+#REF!+'6月'!AB18,5) | AC18: T | AE18: Brand-Anonymized | AF18: 200 | AG18: =计划!O18-O18 | AH18: =ROUND(AG18/$AH$1,2)
B19: SKU-9356910A | C19: 是 | D19: 11 | L19: 100 | M19: Product-1433AC24 | N19: 2 | O19: =SUM(P19:AB19) | P19: =ROUND(#REF!+#REF!+#REF!+预安排!F19+#REF!+'6月'!P19,5) | Q19: =ROUND(#REF!+#REF!+#REF!+预安排!#REF!+#REF!+'6月'!Q19,5) | R19: =ROUND(#REF!+#REF!+#REF!+预安排!G19+#REF!+'6月'!R19,5) | S19: =ROUND(#REF!+#REF!+#REF!+预安排!#REF!+#REF!+'6月'!S19,5) | T19: =ROUND(#REF!+#REF!+#REF!+预安排!#REF!+#REF!+'6月'!T19,5) | U19: =ROUND(#REF!+#REF!+#REF!+预安排!O19+#REF!+'6月'!U19,5) | V19: =ROUND(#REF!+#REF!+#REF!+预安排!P19+#REF!+'6月'!V19,5) | W19: =ROUND(#REF!+#REF!+#REF!+预安排!Q19+#REF!+'6月'!W19,5) | X19: =ROUND(#REF!+#REF!+#REF!+预安排!R19+#REF!+'6月'!X19,5) | Y19: =ROUND(#REF!+#REF!+#REF!+预安排!S19+#REF!+'6月'!Y19,5) | Z19: =ROUND(#REF!+#REF!+#REF!+预安排!#REF!+#REF!+'6月'!Z19,5) | AA19: =ROUND(#REF!+#REF!+#REF!+预安排!#REF!+#REF!+'6月'!AA19,5) | AB19: =ROUND(#REF!+#REF!+#REF!+预安排!#REF!+#REF!+'6月'!AB19,5) | AC19: T | AE19: Brand-Anonymized | AF19: 200 | AG19: =计划!O19-O19 | AH19: =ROUND(AG19/$AH$1,2)
B20: SKU-A1C9F3C5 | C20: 是 | D20: 10 | J20: 共 | L20: 100 | M20: Product-A7F669A5 | N20: 2 | O20: =SUM(P20:AB20) | P20: =ROUND(#REF!+#REF!+#REF!+预安排!F20+#REF!+'6月'!P20,5) | Q20: =ROUND(#REF!+#REF!+#REF!+预安排!#REF!+#REF!+'6月'!Q20,5) | R20: =ROUND(#REF!+#REF!+#REF!+预安排!G20+#REF!+'6月'!R20,5) | S20: =ROUND(#REF!+#REF!+#REF!+预安排!#REF!+#REF!+'6月'!S20,5) | T20: =ROUND(#REF!+#REF!+#REF!+预安排!#REF!+#REF!+'6月'!T20,5) | U20: =ROUND(#REF!+#REF!+#REF!+预安排!O20+#REF!+'6月'!U20,5) | V20: =ROUND(#REF!+#REF!+#REF!+预安排!P20+#REF!+'6月'!V20,5) | W20: =ROUND(#REF!+#REF!+#REF!+预安排!Q20+#REF!+'6月'!W20,5) | X20: =ROUND(#REF!+#REF!+#REF!+预安排!R20+#REF!+'6月'!X20,5) | Y20: =ROUND(#REF!+#REF!+#REF!+预安排!S20+#REF!+'6月'!Y20,5) | Z20: =ROUND(#REF!+#REF!+#REF!+预安排!#REF!+#REF!+'6月'!Z20,5) | AA20: =ROUND(#REF!+#REF!+#REF!+预安排!#REF!+#REF!+'6月'!AA20,5) | AB20: =ROUND(#REF!+#REF!+#REF!+预安排!#REF!+#REF!+'6月'!AB20,5) | AC20: T | AE20: Brand-Anonymized | AF20: 200 | AG20: =计划!O20-O20 | AH20: =ROUND(AG20/$AH$1,2)
B21: SKU-9FED3CD7 | C21: 是 | D21: 6 | E21: 是 | I21: 是 | L21: 100 | M21: Product-80F515FA | N21: 1 | O21: =SUM(P21:AB21) | P21: =ROUND(#REF!+#REF!+#REF!+预安排!F21+#REF!+'6月'!P21,5) | Q21: =ROUND(#REF!+#REF!+#REF!+预安排!#REF!+#REF!+'6月'!Q21,5) | R21: =ROUND(#REF!+#REF!+#REF!+预安排!G21+#REF!+'6月'!R21,5) | S21: =ROUND(#REF!+#REF!+#REF!+预安排!#REF!+#REF!+'6月'!S21,5) | T21: =ROUND(#REF!+#REF!+#REF!+预安排!#REF!+#REF!+'6月'!T21,5) | U21: =ROUND(#REF!+#REF!+#REF!+预安排!O21+#REF!+'6月'!U21,5) | V21: =ROUND(#REF!+#REF!+#REF!+预安排!P21+#REF!+'6月'!V21,5) | W21: =ROUND(#REF!+#REF!+#REF!+预安排!Q21+#REF!+'6月'!W21,5) | X21: =ROUND(#REF!+#REF!+#REF!+预安排!R21+#REF!+'6月'!X21,5) | Y21: =ROUND(#REF!+#REF!+#REF!+预安排!S21+#REF!+'6月'!Y21,5) | Z21: =ROUND(#REF!+#REF!+#REF!+预安排!#REF!+#REF!+'6月'!Z21,5) | AA21: =ROUND(#REF!+#REF!+#REF!+预安排!#REF!+#REF!+'6月'!AA21,5) | AB21: =ROUND(#REF!+#REF!+#REF!+预安排!#REF!+#REF!+'6月'!AB21,5) | AD21: 方 | AE21: Brand-Anonymized | AF21: 200 | AG21: =计划!O21-O21 | AH21: =ROUND(AG21/$AH$1,2)
B22: SKU-D2D4FD85 | C22: 是 | D22: 8 | E22: 是 | I22: 是 | L22: 100 | M22: Product-D1D130D9 | N22: 1 | O22: =SUM(P22:AB22) | P22: =ROUND(#REF!+#REF!+#REF!+预安排!F22+#REF!+'6月'!P22,5) | Q22: =ROUND(#REF!+#REF!+#REF!+预安排!#REF!+#REF!+'6月'!Q22,5) | R22: =ROUND(#REF!+#REF!+#REF!+预安排!G22+#REF!+'6月'!R22,5) | S22: =ROUND(#REF!+#REF!+#REF!+预安排!#REF!+#REF!+'6月'!S22,5) | T22: =ROUND(#REF!+#REF!+#REF!+预安排!#REF!+#REF!+'6月'!T22,5) | U22: =ROUND(#REF!+#REF!+#REF!+预安排!O22+#REF!+'6月'!U22,5) | V22: =ROUND(#REF!+#REF!+#REF!+预安排!P22+#REF!+'6月'!V22,5) | W22: =ROUND(#REF!+#REF!+#REF!+预安排!Q22+#REF!+'6月'!W22,5) | X22: =ROUND(#REF!+#REF!+#REF!+预安排!R22+#REF!+'6月'!X22,5) | Y22: =ROUND(#REF!+#REF!+#REF!+预安排!S22+#REF!+'6月'!Y22,5) | Z22: =ROUND(#REF!+#REF!+#REF!+预安排!#REF!+#REF!+'6月'!Z22,5) | AA22: =ROUND(#REF!+#REF!+#REF!+预安排!#REF!+#REF!+'6月'!AA22,5) | AB22: =ROUND(#REF!+#REF!+#REF!+预安排!#REF!+#REF!+'6月'!AB22,5) | AE22: Brand-Anonymized | AF22: 200 | AG22: =计划!O22-O22 | AH22: =ROUND(AG22/$AH$1,2)
B23: SKU-2324D87D | C23: 是 | D23: 9 | F23: 是 | I23: 是 | L23: 100 | M23: Product-142947AA | N23: 1 | O23: =SUM(P23:AB23) | P23: =ROUND(#REF!+#REF!+#REF!+预安排!F23+#REF!+'6月'!P23,5) | Q23: =ROUND(#REF!+#REF!+#REF!+预安排!#REF!+#REF!+'6月'!Q23,5) | R23: =ROUND(#REF!+#REF!+#REF!+预安排!G23+#REF!+'6月'!R23,5) | S23: =ROUND(#REF!+#REF!+#REF!+预安排!#REF!+#REF!+'6月'!S23,5) | T23: =ROUND(#REF!+#REF!+#REF!+预安排!#REF!+#REF!+'6月'!T23,5) | U23: =ROUND(#REF!+#REF!+#REF!+预安排!O23+#REF!+'6月'!U23,5) | V23: =ROUND(#REF!+#REF!+#REF!+预安排!P23+#REF!+'6月'!V23,5) | W23: =ROUND(#REF!+#REF!+#REF!+预安排!Q23+#REF!+'6月'!W23,5) | X23: =ROUND(#REF!+#REF!+#REF!+预安排!R23+#REF!+'6月'!X23,5) | Y23: =ROUND(#REF!+#REF!+#REF!+预安排!S23+#REF!+'6月'!Y23,5) | Z23: =ROUND(#REF!+#REF!+#REF!+预安排!#REF!+#REF!+'6月'!Z23,5) | AA23: =ROUND(#REF!+#REF!+#REF!+预安排!#REF!+#REF!+'6月'!AA23,5) | AB23: =ROUND(#REF!+#REF!+#REF!+预安排!#REF!+#REF!+'6月'!AB23,5) | AC23: C | AD23: 长 | AE23: Brand-Anonymized | AF23: 200 | AG23: =计划!O23-O23 | AH23: =ROUND(AG23/$AH$1,2)
B24: SKU-D3A8D0D1 | C24: 是 | D24: 9 | F24: 是 | I24: 是 | L24: 100 | M24: Product-B80128BB | N24: 1 | O24: =SUM(P24:AB24) | P24: =ROUND(#REF!+#REF!+#REF!+预安排!F24+#REF!+'6月'!P24,5) | Q24: =ROUND(#REF!+#REF!+#REF!+预安排!#REF!+#REF!+'6月'!Q24,5) | R24: =ROUND(#REF!+#REF!+#REF!+预安排!G24+#REF!+'6月'!R24,5) | S24: =ROUND(#REF!+#REF!+#REF!+预安排!#REF!+#REF!+'6月'!S24,5) | T24: =ROUND(#REF!+#REF!+#REF!+预安排!#REF!+#REF!+'6月'!T24,5) | U24: =ROUND(#REF!+#REF!+#REF!+预安排!O24+#REF!+'6月'!U24,5) | V24: =ROUND(#REF!+#REF!+#REF!+预安排!P24+#REF!+'6月'!V24,5) | W24: =ROUND(#REF!+#REF!+#REF!+预安排!Q24+#REF!+'6月'!W24,5) | X24: =ROUND(#REF!+#REF!+#REF!+预安排!R24+#REF!+'6月'!X24,5) | Y24: =ROUND(#REF!+#REF!+#REF!+预安排!S24+#REF!+'6月'!Y24,5) | Z24: =ROUND(#REF!+#REF!+#REF!+预安排!#REF!+#REF!+'6月'!Z24,5) | AA24: =ROUND(#REF!+#REF!+#REF!+预安排!#REF!+#REF!+'6月'!AA24,5) | AB24: =ROUND(#REF!+#REF!+#REF!+预安排!#REF!+#REF!+'6月'!AB24,5) | AC24: X | AD24: 长 | AE24: Brand-Anonymized | AF24: 200 | AG24: =计划!O24-O24 | AH24: =ROUND(AG24/$AH$1,2)
B25: SKU-55B49425 | C25: 是 | D25: 11 | J25: 共 | L25: 100 | M25: Product-2E005B6F | N25: 1 | O25: =SUM(P25:AB25) | P25: =ROUND(#REF!+#REF!+#REF!+预安排!F29+#REF!+'6月'!P25,5) | Q25: =ROUND(#REF!+#REF!+#REF!+预安排!#REF!+#REF!+'6月'!Q25,5) | R25: =ROUND(#REF!+#REF!+#REF!+预安排!G29+#REF!+'6月'!R25,5) | S25: =ROUND(#REF!+#REF!+#REF!+预安排!#REF!+#REF!+'6月'!S25,5) | T25: =ROUND(#REF!+#REF!+#REF!+预安排!#REF!+#REF!+'6月'!T25,5) | U25: =ROUND(#REF!+#REF!+#REF!+预安排!O29+#REF!+'6月'!U25,5) | V25: =ROUND(#REF!+#REF!+#REF!+预安排!P29+#REF!+'6月'!V25,5) | W25: =ROUND(#REF!+#REF!+#REF!+预安排!Q29+#REF!+'6月'!W25,5) | X25: =ROUND(#REF!+#REF!+#REF!+预安排!R29+#REF!+'6月'!X25,5) | Y25: =ROUND(#REF!+#REF!+#REF!+预安排!S29+#REF!+'6月'!Y25,5) | Z25: =ROUND(#REF!+#REF!+#REF!+预安排!#REF!+#REF!+'6月'!Z25,5) | AA25: =ROUND(#REF!+#REF!+#REF!+预安排!#REF!+#REF!+'6月'!AA25,5) | AB25: =ROUND(#REF!+#REF!+#REF!+预安排!#REF!+#REF!+'6月'!AB25,5) | AC25: T | AE25: Brand-Anonymized | AF25: 200 | AG25: =计划!O25-O25 | AH25: =ROUND(AG25/$AH$1,2)
B26: SKU-7E7C0C23 | C26: 是 | D26: 11 | J26: 共 | L26: 100 | M26: Product-8C5BA899 | N26: 1 | O26: =SUM(P26:AB26) | P26: =ROUND(#REF!+#REF!+#REF!+预安排!F30+#REF!+'6月'!P26,5) | Q26: =ROUND(#REF!+#REF!+#REF!+预安排!#REF!+#REF!+'6月'!Q26,5) | R26: =ROUND(#REF!+#REF!+#REF!+预安排!G30+#REF!+'6月'!R26,5) | S26: =ROUND(#REF!+#REF!+#REF!+预安排!#REF!+#REF!+'6月'!S26,5) | T26: =ROUND(#REF!+#REF!+#REF!+预安排!#REF!+#REF!+'6月'!T26,5) | U26: =ROUND(#REF!+#REF!+#REF!+预安排!O30+#REF!+'6月'!U26,5) | V26: =ROUND(#REF!+#REF!+#REF!+预安排!P30+#REF!+'6月'!V26,5) | W26: =ROUND(#REF!+#REF!+#REF!+预安排!Q30+#REF!+'6月'!W26,5) | X26: =ROUND(#REF!+#REF!+#REF!+预安排!R30+#REF!+'6月'!X26,5) | Y26: =ROUND(#REF!+#REF!+#REF!+预安排!S30+#REF!+'6月'!Y26,5) | Z26: =ROUND(#REF!+#REF!+#REF!+预安排!#REF!+#REF!+'6月'!Z26,5) | AA26: =ROUND(#REF!+#REF!+#REF!+预安排!#REF!+#REF!+'6月'!AA26,5) | AB26: =ROUND(#REF!+#REF!+#REF!+预安排!#REF!+#REF!+'6月'!AB26,5) | AC26: T | AE26: Brand-Anonymized | AF26: 200 | AG26: =计划!O26-O26 | AH26: =ROUND(AG26/$AH$1,2)
B27: SKU-581048FF | C27: 是 | D27: 11 | L27: 100 | M27: Product-9C9F0DD0 | N27: 1 | O27: =SUM(P27:AB27) | P27: =ROUND(#REF!+#REF!+#REF!+预安排!F31+#REF!+'6月'!P27,5) | Q27: =ROUND(#REF!+#REF!+#REF!+预安排!#REF!+#REF!+'6月'!Q27,5) | R27: =ROUND(#REF!+#REF!+#REF!+预安排!G31+#REF!+'6月'!R27,5) | S27: =ROUND(#REF!+#REF!+#REF!+预安排!#REF!+#REF!+'6月'!S27,5) | T27: =ROUND(#REF!+#REF!+#REF!+预安排!#REF!+#REF!+'6月'!T27,5) | U27: =ROUND(#REF!+#REF!+#REF!+预安排!O31+#REF!+'6月'!U27,5) | V27: =ROUND(#REF!+#REF!+#REF!+预安排!P31+#REF!+'6月'!V27,5) | W27: =ROUND(#REF!+#REF!+#REF!+预安排!Q31+#REF!+'6月'!W27,5) | X27: =ROUND(#REF!+#REF!+#REF!+预安排!R31+#REF!+'6月'!X27,5) | Y27: =ROUND(#REF!+#REF!+#REF!+预安排!S31+#REF!+'6月'!Y27,5) | Z27: =ROUND(#REF!+#REF!+#REF!+预安排!#REF!+#REF!+'6月'!Z27,5) | AA27: =ROUND(#REF!+#REF!+#REF!+预安排!#REF!+#REF!+'6月'!AA27,5) | AB27: =ROUND(#REF!+#REF!+#REF!+预安排!#REF!+#REF!+'6月'!AB27,5) | AC27: C | AD27: 方 | AE27: Brand-Anonymized | AF27: 200 | AG27: =计划!O27-O27 | AH27: =ROUND(AG27/$AH$1,2)
B28: SKU-1943C75B | C28: 是 | D28: 10 | F28: 是 | I28: 是 | J28: 共 | L28: 100 | M28: Product-62BC29B7 | N28: 1 | O28: =SUM(P28:AB28) | P28: =ROUND(#REF!+#REF!+#REF!+预安排!F32+#REF!+'6月'!P28,5) | Q28: =ROUND(#REF!+#REF!+#REF!+预安排!#REF!+#REF!+'6月'!Q28,5) | R28: =ROUND(#REF!+#REF!+#REF!+预安排!G32+#REF!+'6月'!R28,5) | S28: =ROUND(#REF!+#REF!+#REF!+预安排!#REF!+#REF!+'6月'!S28,5) | T28: =ROUND(#REF!+#REF!+#REF!+预安排!#REF!+#REF!+'6月'!T28,5) | U28: =ROUND(#REF!+#REF!+#REF!+预安排!O32+#REF!+'6月'!U28,5) | V28: =ROUND(#REF!+#REF!+#REF!+预安排!P32+#REF!+'6月'!V28,5) | W28: =ROUND(#REF!+#REF!+#REF!+预安排!Q32+#REF!+'6月'!W28,5) | X28: =ROUND(#REF!+#REF!+#REF!+预安排!R32+#REF!+'6月'!X28,5) | Y28: =ROUND(#REF!+#REF!+#REF!+预安排!S32+#REF!+'6月'!Y28,5) | Z28: =ROUND(#REF!+#REF!+#REF!+预安排!#REF!+#REF!+'6月'!Z28,5) | AA28: =ROUND(#REF!+#REF!+#REF!+预安排!#REF!+#REF!+'6月'!AA28,5) | AB28: =ROUND(#REF!+#REF!+#REF!+预安排!#REF!+#REF!+'6月'!AB28,5) | AC28: C | AD28: 方 | AE28: Brand-Anonymized | AF28: 200 | AG28: =计划!O28-O28 | AH28: =ROUND(AG28/$AH$1,2)
B29: SKU-51C641E5 | C29: 是 | D29: 10 | F29: 是 | I29: 是 | J29: 共 | L29: 100 | M29: Product-4CA63C06 | N29: 1 | O29: =SUM(P29:AB29) | P29: =ROUND(#REF!+#REF!+#REF!+预安排!F33+#REF!+'6月'!P29,5) | Q29: =ROUND(#REF!+#REF!+#REF!+预安排!#REF!+#REF!+'6月'!Q29,5) | R29: =ROUND(#REF!+#REF!+#REF!+预安排!G33+#REF!+'6月'!R29,5) | S29: =ROUND(#REF!+#REF!+#REF!+预安排!#REF!+#REF!+'6月'!S29,5) | T29: =ROUND(#REF!+#REF!+#REF!+预安排!#REF!+#REF!+'6月'!T29,5) | U29: =ROUND(#REF!+#REF!+#REF!+预安排!O33+#REF!+'6月'!U29,5) | V29: =ROUND(#REF!+#REF!+#REF!+预安排!P33+#REF!+'6月'!V29,5) | W29: =ROUND(#REF!+#REF!+#REF!+预安排!Q33+#REF!+'6月'!W29,5) | X29: =ROUND(#REF!+#REF!+#REF!+预安排!R33+#REF!+'6月'!X29,5) | Y29: =ROUND(#REF!+#REF!+#REF!+预安排!S33+#REF!+'6月'!Y29,5) | Z29: =ROUND(#REF!+#REF!+#REF!+预安排!#REF!+#REF!+'6月'!Z29,5) | AA29: =ROUND(#REF!+#REF!+#REF!+预安排!#REF!+#REF!+'6月'!AA29,5) | AB29: =ROUND(#REF!+#REF!+#REF!+预安排!#REF!+#REF!+'6月'!AB29,5) | AC29: T | AD29: 长 | AE29: Brand-Anonymized | AF29: 200 | AG29: =计划!O29-O29 | AH29: =ROUND(AG29/$AH$1,2)
B30: SKU-740A9334 | C30: 是 | D30: 10 | G30: 是 | I30: 是 | L30: 100 | M30: Product-7726A962 | N30: 1 | O30: =SUM(P30:AB30) | P30: =ROUND(#REF!+#REF!+#REF!+预安排!F34+#REF!+'6月'!P30,5) | Q30: =ROUND(#REF!+#REF!+#REF!+预安排!#REF!+#REF!+'6月'!Q30,5) | R30: =ROUND(#REF!+#REF!+#REF!+预安排!G34+#REF!+'6月'!R30,5) | S30: =ROUND(#REF!+#REF!+#REF!+预安排!#REF!+#REF!+'6月'!S30,5) | T30: =ROUND(#REF!+#REF!+#REF!+预安排!#REF!+#REF!+'6月'!T30,5) | U30: =ROUND(#REF!+#REF!+#REF!+预安排!O34+#REF!+'6月'!U30,5) | V30: =ROUND(#REF!+#REF!+#REF!+预安排!P34+#REF!+'6月'!V30,5) | W30: =ROUND(#REF!+#REF!+#REF!+预安排!Q34+#REF!+'6月'!W30,5) | X30: =ROUND(#REF!+#REF!+#REF!+预安排!R34+#REF!+'6月'!X30,5) | Y30: =ROUND(#REF!+#REF!+#REF!+预安排!S34+#REF!+'6月'!Y30,5) | Z30: =ROUND(#REF!+#REF!+#REF!+预安排!#REF!+#REF!+'6月'!Z30,5) | AA30: =ROUND(#REF!+#REF!+#REF!+预安排!#REF!+#REF!+'6月'!AA30,5) | AB30: =ROUND(#REF!+#REF!+#REF!+预安排!#REF!+#REF!+'6月'!AB30,5) | AD30: 方 | AE30: Brand-Anonymized | AF30: 200 | AG30: =计划!O30-O30 | AH30: =ROUND(AG30/$AH$1,2)
B31: SKU-ABAD8823 | C31: 是 | D31: 8 | E31: 是 | I31: 是 | J31: 共 | L31: 100 | M31: Product-342D1F0D | N31: 1 | O31: =SUM(P31:AB31) | P31: =ROUND(#REF!+#REF!+#REF!+预安排!F35+#REF!+'6月'!P31,5) | Q31: =ROUND(#REF!+#REF!+#REF!+预安排!#REF!+#REF!+'6月'!Q31,5) | R31: =ROUND(#REF!+#REF!+#REF!+预安排!G35+#REF!+'6月'!R31,5) | S31: =ROUND(#REF!+#REF!+#REF!+预安排!#REF!+#REF!+'6月'!S31,5) | T31: =ROUND(#REF!+#REF!+#REF!+预安排!#REF!+#REF!+'6月'!T31,5) | U31: =ROUND(#REF!+#REF!+#REF!+预安排!O35+#REF!+'6月'!U31,5) | V31: =ROUND(#REF!+#REF!+#REF!+预安排!P35+#REF!+'6月'!V31,5) | W31: =ROUND(#REF!+#REF!+#REF!+预安排!Q35+#REF!+'6月'!W31,5) | X31: =ROUND(#REF!+#REF!+#REF!+预安排!R35+#REF!+'6月'!X31,5) | Y31: =ROUND(#REF!+#REF!+#REF!+预安排!S35+#REF!+'6月'!Y31,5) | Z31: =ROUND(#REF!+#REF!+#REF!+预安排!#REF!+#REF!+'6月'!Z31,5) | AA31: =ROUND(#REF!+#REF!+#REF!+预安排!#REF!+#REF!+'6月'!AA31,5) | AB31: =ROUND(#REF!+#REF!+#REF!+预安排!#REF!+#REF!+'6月'!AB31,5) | AC31: C | AD31: 细 | AE31: Brand-Anonymized | AF31: 200 | AG31: =计划!O31-O31 | AH31: =ROUND(AG31/$AH$1,2)
B32: SKU-CD40403A | C32: 是 | D32: 8 | E32: 是 | I32: 是 | J32: 共 | L32: 100 | M32: Product-D6D3CCE6 | N32: 1 | O32: =SUM(P32:AB32) | P32: =ROUND(#REF!+#REF!+#REF!+预安排!F36+#REF!+'6月'!P32,5) | Q32: =ROUND(#REF!+#REF!+#REF!+预安排!#REF!+#REF!+'6月'!Q32,5) | R32: =ROUND(#REF!+#REF!+#REF!+预安排!G36+#REF!+'6月'!R32,5) | S32: =ROUND(#REF!+#REF!+#REF!+预安排!#REF!+#REF!+'6月'!S32,5) | T32: =ROUND(#REF!+#REF!+#REF!+预安排!#REF!+#REF!+'6月'!T32,5) | U32: =ROUND(#REF!+#REF!+#REF!+预安排!O36+#REF!+'6月'!U32,5) | V32: =ROUND(#REF!+#REF!+#REF!+预安排!P36+#REF!+'6月'!V32,5) | W32: =ROUND(#REF!+#REF!+#REF!+预安排!Q36+#REF!+'6月'!W32,5) | X32: =ROUND(#REF!+#REF!+#REF!+预安排!R36+#REF!+'6月'!X32,5) | Y32: =ROUND(#REF!+#REF!+#REF!+预安排!S36+#REF!+'6月'!Y32,5) | Z32: =ROUND(#REF!+#REF!+#REF!+预安排!#REF!+#REF!+'6月'!Z32,5) | AA32: =ROUND(#REF!+#REF!+#REF!+预安排!#REF!+#REF!+'6月'!AA32,5) | AB32: =ROUND(#REF!+#REF!+#REF!+预安排!#REF!+#REF!+'6月'!AB32,5) | AC32: C | AD32: 标 | AE32: Brand-Anonymized | AF32: 200 | AG32: =计划!O32-O32 | AH32: =ROUND(AG32/$AH$1,2)
B33: SKU-B0D292B1 | C33: 是 | D33: 10 | G33: 是 | I33: 是 | L33: 100 | M33: Product-7726A962 | N33: 1 | O33: =SUM(P33:AB33) | P33: =ROUND(#REF!+#REF!+#REF!+预安排!F37+#REF!+'6月'!P33,5) | Q33: =ROUND(#REF!+#REF!+#REF!+预安排!#REF!+#REF!+'6月'!Q33,5) | R33: =ROUND(#REF!+#REF!+#REF!+预安排!G37+#REF!+'6月'!R33,5) | S33: =ROUND(#REF!+#REF!+#REF!+预安排!#REF!+#REF!+'6月'!S33,5) | T33: =ROUND(#REF!+#REF!+#REF!+预安排!#REF!+#REF!+'6月'!T33,5) | U33: =ROUND(#REF!+#REF!+#REF!+预安排!O37+#REF!+'6月'!U33,5) | V33: =ROUND(#REF!+#REF!+#REF!+预安排!P37+#REF!+'6月'!V33,5) | W33: =ROUND(#REF!+#REF!+#REF!+预安排!Q37+#REF!+'6月'!W33,5) | X33: =ROUND(#REF!+#REF!+#REF!+预安排!R37+#REF!+'6月'!X33,5) | Y33: =ROUND(#REF!+#REF!+#REF!+预安排!S37+#REF!+'6月'!Y33,5) | Z33: =ROUND(#REF!+#REF!+#REF!+预安排!#REF!+#REF!+'6月'!Z33,5) | AA33: =ROUND(#REF!+#REF!+#REF!+预安排!#REF!+#REF!+'6月'!AA33,5) | AB33: =ROUND(#REF!+#REF!+#REF!+预安排!#REF!+#REF!+'6月'!AB33,5) | AC33: X | AD33: 标 | AE33: Brand-Anonymized | AF33: 200 | AG33: =计划!O33-O33 | AH33: =ROUND(AG33/$AH$1,2)
B34: SKU-D5FB4C4D | D34: 10 | L34: 100 | M34: Product-3DCEC0C0 | N34: 1 | O34: =SUM(P34:AB34) | P34: =ROUND(#REF!+#REF!+#REF!+预安排!F39+#REF!+'6月'!P34,5) | Q34: =ROUND(#REF!+#REF!+#REF!+预安排!#REF!+#REF!+'6月'!Q34,5) | R34: =ROUND(#REF!+#REF!+#REF!+预安排!G39+#REF!+'6月'!R34,5) | S34: =ROUND(#REF!+#REF!+#REF!+预安排!#REF!+#REF!+'6月'!S34,5) | T34: =ROUND(#REF!+#REF!+#REF!+预安排!#REF!+#REF!+'6月'!T34,5) | U34: =ROUND(#REF!+#REF!+#REF!+预安排!O39+#REF!+'6月'!U34,5) | V34: =ROUND(#REF!+#REF!+#REF!+预安排!P39+#REF!+'6月'!V34,5) | W34: =ROUND(#REF!+#REF!+#REF!+预安排!Q39+#REF!+'6月'!W34,5) | X34: =ROUND(#REF!+#REF!+#REF!+预安排!R39+#REF!+'6月'!X34,5) | Y34: =ROUND(#REF!+#REF!+#REF!+预安排!S39+#REF!+'6月'!Y34,5) | Z34: =ROUND(#REF!+#REF!+#REF!+预安排!#REF!+#REF!+'6月'!Z34,5) | AA34: =ROUND(#REF!+#REF!+#REF!+预安排!#REF!+#REF!+'6月'!AA34,5) | AB34: =ROUND(#REF!+#REF!+#REF!+预安排!#REF!+#REF!+'6月'!AB34,5) | AD34: 标 | AE34: Brand-Anonymized | AF34: 200 | AG34: =计划!O34-O34 | AH34: =ROUND(AG34/$AH$1,2)
B35: SKU-DCF98B33 | D35: 10 | L35: 100 | M35: Product-3DCEC0C0 | N35: 1 | O35: =SUM(P35:AB35) | P35: =ROUND(#REF!+#REF!+#REF!+预安排!F40+#REF!+'6月'!P35,5) | Q35: =ROUND(#REF!+#REF!+#REF!+预安排!#REF!+#REF!+'6月'!Q35,5) | R35: =ROUND(#REF!+#REF!+#REF!+预安排!G40+#REF!+'6月'!R35,5) | S35: =ROUND(#REF!+#REF!+#REF!+预安排!#REF!+#REF!+'6月'!S35,5) | T35: =ROUND(#REF!+#REF!+#REF!+预安排!#REF!+#REF!+'6月'!T35,5) | U35: =ROUND(#REF!+#REF!+#REF!+预安排!O40+#REF!+'6月'!U35,5) | V35: =ROUND(#REF!+#REF!+#REF!+预安排!P40+#REF!+'6月'!V35,5) | W35: =ROUND(#REF!+#REF!+#REF!+预安排!Q40+#REF!+'6月'!W35,5) | X35: =ROUND(#REF!+#REF!+#REF!+预安排!R40+#REF!+'6月'!X35,5) | Y35: =ROUND(#REF!+#REF!+#REF!+预安排!S40+#REF!+'6月'!Y35,5) | Z35: =ROUND(#REF!+#REF!+#REF!+预安排!#REF!+#REF!+'6月'!Z35,5) | AA35: =ROUND(#REF!+#REF!+#REF!+预安排!#REF!+#REF!+'6月'!AA35,5) | AB35: =ROUND(#REF!+#REF!+#REF!+预安排!#REF!+#REF!+'6月'!AB35,5) | AC35: X | AD35: 标 | AE35: Brand-Anonymized | AF35: 200 | AG35: =计划!O35-O35 | AH35: =ROUND(AG35/$AH$1,2)
B36: SKU-7ECD2FA6 | D36: 10 | F36: 是 | I36: 是 | L36: 100 | M36: Product-29355C79 | N36: 1 | O36: =SUM(P36:AB36) | P36: =ROUND(#REF!+#REF!+#REF!+预安排!F41+#REF!+'6月'!P36,5) | Q36: =ROUND(#REF!+#REF!+#REF!+预安排!#REF!+#REF!+'6月'!Q36,5) | R36: =ROUND(#REF!+#REF!+#REF!+预安排!G41+#REF!+'6月'!R36,5) | S36: =ROUND(#REF!+#REF!+#REF!+预安排!#REF!+#REF!+'6月'!S36,5) | T36: =ROUND(#REF!+#REF!+#REF!+预安排!#REF!+#REF!+'6月'!T36,5) | U36: =ROUND(#REF!+#REF!+#REF!+预安排!O41+#REF!+'6月'!U36,5) | V36: =ROUND(#REF!+#REF!+#REF!+预安排!P41+#REF!+'6月'!V36,5) | W36: =ROUND(#REF!+#REF!+#REF!+预安排!Q41+#REF!+'6月'!W36,5) | X36: =ROUND(#REF!+#REF!+#REF!+预安排!R41+#REF!+'6月'!X36,5) | Y36: =ROUND(#REF!+#REF!+#REF!+预安排!S41+#REF!+'6月'!Y36,5) | Z36: =ROUND(#REF!+#REF!+#REF!+预安排!#REF!+#REF!+'6月'!Z36,5) | AA36: =ROUND(#REF!+#REF!+#REF!+预安排!#REF!+#REF!+'6月'!AA36,5) | AB36: =ROUND(#REF!+#REF!+#REF!+预安排!#REF!+#REF!+'6月'!AB36,5) | AC36: X | AE36: Brand-Anonymized | AF36: 200 | AG36: =计划!O36-O36 | AH36: =ROUND(AG36/$AH$1,2)
B37: 27 | M37: 津沪小计 | O37: =SUM(O10:O36) | P37: =SUM(P10:P36) | Q37: =SUM(Q10:Q36) | R37: =SUM(R10:R36) | S37: =SUM(S10:S36) | T37: =SUM(T10:T36) | U37: =SUM(U10:U36) | V37: =SUM(V10:V36) | ... AC37: =SUM(AC10:AC36) | AG37: =计划!O37-O37 | AH37: =ROUND(AG37/$AH$1,2)
B38: 33 | M38: 上海小计 | O38: =O9+O37 | P38: =P9+P37 | Q38: =Q9+Q37 | R38: =R9+R37 | S38: =S9+S37 | T38: =T9+T37 | U38: =U9+U37 | V38: =V9+V37 | ... AC38: =AC9+AC37 | AG38: =计划!O38-O38 | AH38: =ROUND(AG38/$AH$1,2)
A39: 河北 | B39: SKU-3095C758 | C39: 是 | D39: 11 | L39: 100 | M39: Product-280802D6 | N39: 4 | O39: =SUM(P39:AB39) | P39: =ROUND(#REF!+#REF!+#REF!+预安排!F44+#REF!+'6月'!P39,5) | Q39: =ROUND(#REF!+#REF!+#REF!+预安排!#REF!+#REF!+'6月'!Q39,5) | R39: =ROUND(#REF!+#REF!+#REF!+预安排!G44+#REF!+'6月'!R39,5) | S39: =ROUND(#REF!+#REF!+#REF!+预安排!#REF!+#REF!+'6月'!S39,5) | T39: =ROUND(#REF!+#REF!+#REF!+预安排!#REF!+#REF!+'6月'!T39,5) | U39: =ROUND(#REF!+#REF!+#REF!+预安排!O44+#REF!+'6月'!U39,5) | V39: =ROUND(#REF!+#REF!+#REF!+预安排!P44+#REF!+'6月'!V39,5) | W39: =ROUND(#REF!+#REF!+#REF!+预安排!Q44+#REF!+'6月'!W39,5) | X39: =ROUND(#REF!+#REF!+#REF!+预安排!R44+#REF!+'6月'!X39,5) | Y39: =ROUND(#REF!+#REF!+#REF!+预安排!S44+#REF!+'6月'!Y39,5) | Z39: =ROUND(#REF!+#REF!+#REF!+预安排!#REF!+#REF!+'6月'!Z39,5) | AA39: =ROUND(#REF!+#REF!+#REF!+预安排!#REF!+#REF!+'6月'!AA39,5) | AB39: =ROUND(#REF!+#REF!+#REF!+预安排!#REF!+#REF!+'6月'!AB39,5) | AC39: T | AE39: Brand-Anonymized | AF39: 200 | AG39: =计划!O39-O39 | AH39: =ROUND(AG39/$AH$1,2)
B40: SKU-22512FF3 | C40: 是 | D40: 10 | J40: 共 | L40: 100 | M40: Product-C617F7D2 | N40: 1 | O40: =SUM(P40:AB40) | P40: =ROUND(#REF!+#REF!+#REF!+预安排!F45+#REF!+'6月'!P40,5) | Q40: =ROUND(#REF!+#REF!+#REF!+预安排!#REF!+#REF!+'6月'!Q40,5) | R40: =ROUND(#REF!+#REF!+#REF!+预安排!G45+#REF!+'6月'!R40,5) | S40: =ROUND(#REF!+#REF!+#REF!+预安排!#REF!+#REF!+'6月'!S40,5) | T40: =ROUND(#REF!+#REF!+#REF!+预安排!#REF!+#REF!+'6月'!T40,5) | U40: =ROUND(#REF!+#REF!+#REF!+预安排!O45+#REF!+'6月'!U40,5) | V40: =ROUND(#REF!+#REF!+#REF!+预安排!P45+#REF!+'6月'!V40,5) | W40: =ROUND(#REF!+#REF!+#REF!+预安排!Q45+#REF!+'6月'!W40,5) | X40: =ROUND(#REF!+#REF!+#REF!+预安排!R45+#REF!+'6月'!X40,5) | Y40: =ROUND(#REF!+#REF!+#REF!+预安排!S45+#REF!+'6月'!Y40,5) | Z40: =ROUND(#REF!+#REF!+#REF!+预安排!#REF!+#REF!+'6月'!Z40,5) | AA40: =ROUND(#REF!+#REF!+#REF!+预安排!#REF!+#REF!+'6月'!AA40,5) | AB40: =ROUND(#REF!+#REF!+#REF!+预安排!#REF!+#REF!+'6月'!AB40,5) | AC40: C | AE40: Brand-Anonymized | AF40: 200 | AG40: =计划!O40-O40 | AH40: =ROUND(AG40/$AH$1,2)
B41: SKU-8B1D5EF6 | C41: 是 | D41: 6 | E41: 是 | I41: 是 | J41: 共 | L41: 100 | M41: Product-C0E4574A | N41: 1 | O41: =SUM(P41:AB41) | P41: =ROUND(#REF!+#REF!+#REF!+预安排!F46+#REF!+'6月'!P41,5) | Q41: =ROUND(#REF!+#REF!+#REF!+预安排!#REF!+#REF!+'6月'!Q41,5) | R41: =ROUND(#REF!+#REF!+#REF!+预安排!G46+#REF!+'6月'!R41,5) | S41: =ROUND(#REF!+#REF!+#REF!+预安排!#REF!+#REF!+'6月'!S41,5) | T41: =ROUND(#REF!+#REF!+#REF!+预安排!#REF!+#REF!+'6月'!T41,5) | U41: =ROUND(#REF!+#REF!+#REF!+预安排!O46+#REF!+'6月'!U41,5) | V41: =ROUND(#REF!+#REF!+#REF!+预安排!P46+#REF!+'6月'!V41,5) | W41: =ROUND(#REF!+#REF!+#REF!+预安排!Q46+#REF!+'6月'!W41,5) | X41: =ROUND(#REF!+#REF!+#REF!+预安排!R46+#REF!+'6月'!X41,5) | Y41: =ROUND(#REF!+#REF!+#REF!+预安排!S46+#REF!+'6月'!Y41,5) | Z41: =ROUND(#REF!+#REF!+#REF!+预安排!#REF!+#REF!+'6月'!Z41,5) | AA41: =ROUND(#REF!+#REF!+#REF!+预安排!#REF!+#REF!+'6月'!AA41,5) | AB41: =ROUND(#REF!+#REF!+#REF!+预安排!#REF!+#REF!+'6月'!AB41,5) | AC41: C | AD41: 标 | AE41: Brand-Anonymized | AF41: 200 | AG41: =计划!O41-O41 | AH41: =ROUND(AG41/$AH$1,2)
B42: SKU-8BA825B6 | C42: 是 | D42: 10 | L42: 100 | M42: Product-E7EC78F7 | N42: 1 | O42: =SUM(P42:AB42) | P42: =ROUND(#REF!+#REF!+#REF!+预安排!F47+#REF!+'6月'!P42,5) | Q42: =ROUND(#REF!+#REF!+#REF!+预安排!#REF!+#REF!+'6月'!Q42,5) | R42: =ROUND(#REF!+#REF!+#REF!+预安排!G47+#REF!+'6月'!R42,5) | S42: =ROUND(#REF!+#REF!+#REF!+预安排!#REF!+#REF!+'6月'!S42,5) | T42: =ROUND(#REF!+#REF!+#REF!+预安排!#REF!+#REF!+'6月'!T42,5) | U42: =ROUND(#REF!+#REF!+#REF!+预安排!O47+#REF!+'6月'!U42,5) | V42: =ROUND(#REF!+#REF!+#REF!+预安排!P47+#REF!+'6月'!V42,5) | W42: =ROUND(#REF!+#REF!+#REF!+预安排!Q47+#REF!+'6月'!W42,5) | X42: =ROUND(#REF!+#REF!+#REF!+预安排!R47+#REF!+'6月'!X42,5) | Y42: =ROUND(#REF!+#REF!+#REF!+预安排!S47+#REF!+'6月'!Y42,5) | Z42: =ROUND(#REF!+#REF!+#REF!+预安排!#REF!+#REF!+'6月'!Z42,5) | AA42: =ROUND(#REF!+#REF!+#REF!+预安排!#REF!+#REF!+'6月'!AA42,5) | AB42: =ROUND(#REF!+#REF!+#REF!+预安排!#REF!+#REF!+'6月'!AB42,5) | AC42: C | AD42: 标 | AE42: Brand-Anonymized | AF42: 200 | AG42: =计划!O42-O42 | AH42: =ROUND(AG42/$AH$1,2)
B43: SKU-DBE8D847 | C43: 是 | D43: 8 | E43: 是 | I43: 是 | L43: 100 | M43: Product-31FC13CA | N43: 2 | O43: =SUM(P43:AB43) | P43: =ROUND(#REF!+#REF!+#REF!+预安排!F48+#REF!+'6月'!P43,5) | Q43: =ROUND(#REF!+#REF!+#REF!+预安排!#REF!+#REF!+'6月'!Q43,5) | R43: =ROUND(#REF!+#REF!+#REF!+预安排!G48+#REF!+'6月'!R43,5) | S43: =ROUND(#REF!+#REF!+#REF!+预安排!#REF!+#REF!+'6月'!S43,5) | T43: =ROUND(#REF!+#REF!+#REF!+预安排!#REF!+#REF!+'6月'!T43,5) | U43: =ROUND(#REF!+#REF!+#REF!+预安排!O48+#REF!+'6月'!U43,5) | V43: =ROUND(#REF!+#REF!+#REF!+预安排!P48+#REF!+'6月'!V43,5) | W43: =ROUND(#REF!+#REF!+#REF!+预安排!Q48+#REF!+'6月'!W43,5) | X43: =ROUND(#REF!+#REF!+#REF!+预安排!R48+#REF!+'6月'!X43,5) | Y43: =ROUND(#REF!+#REF!+#REF!+预安排!S48+#REF!+'6月'!Y43,5) | Z43: =ROUND(#REF!+#REF!+#REF!+预安排!#REF!+#REF!+'6月'!Z43,5) | AA43: =ROUND(#REF!+#REF!+#REF!+预安排!#REF!+#REF!+'6月'!AA43,5) | AB43: =ROUND(#REF!+#REF!+#REF!+预安排!#REF!+#REF!+'6月'!AB43,5) | AD43: 细 | AE43: Brand-Anonymized | AF43: 200 | AG43: =计划!O43-O43 | AH43: =ROUND(AG43/$AH$1,2)
B44: SKU-993415A4 | C44: 是 | D44: 10 | L44: 100 | M44: Product-914BA5F4 | N44: 3 | O44: =SUM(P44:AB44) | P44: =ROUND(#REF!+#REF!+#REF!+预安排!F49+#REF!+'6月'!P44,5) | Q44: =ROUND(#REF!+#REF!+#REF!+预安排!#REF!+#REF!+'6月'!Q44,5) | R44: =ROUND(#REF!+#REF!+#REF!+预安排!G49+#REF!+'6月'!R44,5) | S44: =ROUND(#REF!+#REF!+#REF!+预安排!#REF!+#REF!+'6月'!S44,5) | T44: =ROUND(#REF!+#REF!+#REF!+预安排!#REF!+#REF!+'6月'!T44,5) | U44: =ROUND(#REF!+#REF!+#REF!+预安排!O49+#REF!+'6月'!U44,5) | V44: =ROUND(#REF!+#REF!+#REF!+预安排!P49+#REF!+'6月'!V44,5) | W44: =ROUND(#REF!+#REF!+#REF!+预安排!Q49+#REF!+'6月'!W44,5) | X44: =ROUND(#REF!+#REF!+#REF!+预安排!R49+#REF!+'6月'!X44,5) | Y44: =ROUND(#REF!+#REF!+#REF!+预安排!S49+#REF!+'6月'!Y44,5) | Z44: =ROUND(#REF!+#REF!+#REF!+预安排!#REF!+#REF!+'6月'!Z44,5) | AA44: =ROUND(#REF!+#REF!+#REF!+预安排!#REF!+#REF!+'6月'!AA44,5) | AB44: =ROUND(#REF!+#REF!+#REF!+预安排!#REF!+#REF!+'6月'!AB44,5) | AE44: Brand-Anonymized | AF44: 200 | AG44: =计划!O44-O44 | AH44: =ROUND(AG44/$AH$1,2)
B45: SKU-D86E9747 | C45: 是 | D45: 9 | F45: 是 | I45: 是 | L45: 100 | M45: Product-FF4227EA | N45: 1 | O45: =SUM(P45:AB45) | P45: =ROUND(#REF!+#REF!+#REF!+预安排!F50+#REF!+'6月'!P45,5) | Q45: =ROUND(#REF!+#REF!+#REF!+预安排!#REF!+#REF!+'6月'!Q45,5) | R45: =ROUND(#REF!+#REF!+#REF!+预安排!G50+#REF!+'6月'!R45,5) | S45: =ROUND(#REF!+#REF!+#REF!+预安排!#REF!+#REF!+'6月'!S45,5) | T45: =ROUND(#REF!+#REF!+#REF!+预安排!#REF!+#REF!+'6月'!T45,5) | U45: =ROUND(#REF!+#REF!+#REF!+预安排!O50+#REF!+'6月'!U45,5) | V45: =ROUND(#REF!+#REF!+#REF!+预安排!P50+#REF!+'6月'!V45,5) | W45: =ROUND(#REF!+#REF!+#REF!+预安排!Q50+#REF!+'6月'!W45,5) | X45: =ROUND(#REF!+#REF!+#REF!+预安排!R50+#REF!+'6月'!X45,5) | Y45: =ROUND(#REF!+#REF!+#REF!+预安排!S50+#REF!+'6月'!Y45,5) | Z45: =ROUND(#REF!+#REF!+#REF!+预安排!#REF!+#REF!+'6月'!Z45,5) | AA45: =ROUND(#REF!+#REF!+#REF!+预安排!#REF!+#REF!+'6月'!AA45,5) | AB45: =ROUND(#REF!+#REF!+#REF!+预安排!#REF!+#REF!+'6月'!AB45,5) | AE45: Brand-Anonymized | AF45: 200 | AG45: =计划!O45-O45 | AH45: =ROUND(AG45/$AH$1,2)
B46: SKU-7CB9F294 | C46: 是 | D46: 7 | E46: 是 | I46: 是 | L46: 100 | M46: Product-1F3A5A4E | N46: 1 | O46: =SUM(P46:AB46) | P46: =ROUND(#REF!+#REF!+#REF!+预安排!F51+#REF!+'6月'!P46,5) | Q46: =ROUND(#REF!+#REF!+#REF!+预安排!#REF!+#REF!+'6月'!Q46,5) | R46: =ROUND(#REF!+#REF!+#REF!+预安排!G51+#REF!+'6月'!R46,5) | S46: =ROUND(#REF!+#REF!+#REF!+预安排!#REF!+#REF!+'6月'!S46,5) | T46: =ROUND(#REF!+#REF!+#REF!+预安排!#REF!+#REF!+'6月'!T46,5) | U46: =ROUND(#REF!+#REF!+#REF!+预安排!O51+#REF!+'6月'!U46,5) | V46: =ROUND(#REF!+#REF!+#REF!+预安排!P51+#REF!+'6月'!V46,5) | W46: =ROUND(#REF!+#REF!+#REF!+预安排!Q51+#REF!+'6月'!W46,5) | X46: =ROUND(#REF!+#REF!+#REF!+预安排!R51+#REF!+'6月'!X46,5) | Y46: =ROUND(#REF!+#REF!+#REF!+预安排!S51+#REF!+'6月'!Y46,5) | Z46: =ROUND(#REF!+#REF!+#REF!+预安排!#REF!+#REF!+'6月'!Z46,5) | AA46: =ROUND(#REF!+#REF!+#REF!+预安排!#REF!+#REF!+'6月'!AA46,5) | AB46: =ROUND(#REF!+#REF!+#REF!+预安排!#REF!+#REF!+'6月'!AB46,5) | AC46: X | AE46: Brand-Anonymized | AF46: 200 | AG46: =计划!O46-O46 | AH46: =ROUND(AG46/$AH$1,2)
B47: 8 | M47: 河北小计 | O47: =SUM(O39:O46) | P47: =SUM(P39:P46) | Q47: =SUM(Q39:Q46) | R47: =SUM(R39:R46) | S47: =SUM(S39:S46) | T47: =SUM(T39:T46) | U47: =SUM(U39:U46) | V47: =SUM(V39:V46) | ... AC47: =SUM(AC39:AC46) | AG47: =计划!O47-O47 | AH47: =ROUND(AG47/$AH$1,2)
A48: 辽宁 | B48: SKU-4BF6BE09 | C48: 是 | D48: 11 | L48: 100 | M48: Product-685982B2 | N48: 2 | O48: =SUM(P48:AB48) | P48: =ROUND(#REF!+#REF!+#REF!+预安排!F53+#REF!+'6月'!P48,5) | Q48: =ROUND(#REF!+#REF!+#REF!+预安排!#REF!+#REF!+'6月'!Q48,5) | R48: =ROUND(#REF!+#REF!+#REF!+预安排!G53+#REF!+'6月'!R48,5) | S48: =ROUND(#REF!+#REF!+#REF!+预安排!#REF!+#REF!+'6月'!S48,5) | T48: =ROUND(#REF!+#REF!+#REF!+预安排!#REF!+#REF!+'6月'!T48,5) | U48: =ROUND(#REF!+#REF!+#REF!+预安排!O53+#REF!+'6月'!U48,5) | V48: =ROUND(#REF!+#REF!+#REF!+预安排!P53+#REF!+'6月'!V48,5) | W48: =ROUND(#REF!+#REF!+#REF!+预安排!Q53+#REF!+'6月'!W48,5) | X48: =ROUND(#REF!+#REF!+#REF!+预安排!R53+#REF!+'6月'!X48,5) | Y48: =ROUND(#REF!+#REF!+#REF!+预安排!S53+#REF!+'6月'!Y48,5) | Z48: =ROUND(#REF!+#REF!+#REF!+预安排!#REF!+#REF!+'6月'!Z48,5) | AA48: =ROUND(#REF!+#REF!+#REF!+预安排!#REF!+#REF!+'6月'!AA48,5) | AB48: =ROUND(#REF!+#REF!+#REF!+预安排!#REF!+#REF!+'6月'!AB48,5) | AE48: Brand-Anonymized | AF48: 200 | AG48: =计划!O48-O48 | AH48: =ROUND(AG48/$AH$1,2)
B49: SKU-68F01DAC | C49: 是 | D49: 6 | E49: 是 | I49: 是 | J49: 共 | L49: 100 | M49: Product-DB12469B | N49: 2 | O49: =SUM(P49:AB49) | P49: =ROUND(#REF!+#REF!+#REF!+预安排!F54+#REF!+'6月'!P49,5) | Q49: =ROUND(#REF!+#REF!+#REF!+预安排!#REF!+#REF!+'6月'!Q49,5) | R49: =ROUND(#REF!+#REF!+#REF!+预安排!G54+#REF!+'6月'!R49,5) | S49: =ROUND(#REF!+#REF!+#REF!+预安排!#REF!+#REF!+'6月'!S49,5) | T49: =ROUND(#REF!+#REF!+#REF!+预安排!#REF!+#REF!+'6月'!T49,5) | U49: =ROUND(#REF!+#REF!+#REF!+预安排!O54+#REF!+'6月'!U49,5) | V49: =ROUND(#REF!+#REF!+#REF!+预安排!P54+#REF!+'6月'!V49,5) | W49: =ROUND(#REF!+#REF!+#REF!+预安排!Q54+#REF!+'6月'!W49,5) | X49: =ROUND(#REF!+#REF!+#REF!+预安排!R54+#REF!+'6月'!X49,5) | Y49: =ROUND(#REF!+#REF!+#REF!+预安排!S54+#REF!+'6月'!Y49,5) | Z49: =ROUND(#REF!+#REF!+#REF!+预安排!#REF!+#REF!+'6月'!Z49,5) | AA49: =ROUND(#REF!+#REF!+#REF!+预安排!#REF!+#REF!+'6月'!AA49,5) | AB49: =ROUND(#REF!+#REF!+#REF!+预安排!#REF!+#REF!+'6月'!AB49,5) | AD49: 细 | AE49: Brand-Anonymized | AF49: 200 | AG49: =计划!O49-O49 | AH49: =ROUND(AG49/$AH$1,2)
B50: SKU-B376DBC8 | C50: 是 | D50: 9 | F50: 是 | I50: 是 | L50: 100 | M50: Product-12486764 | N50: 1 | O50: =SUM(P50:AB50) | P50: =ROUND(#REF!+#REF!+#REF!+预安排!F55+#REF!+'6月'!P50,5) | Q50: =ROUND(#REF!+#REF!+#REF!+预安排!#REF!+#REF!+'6月'!Q50,5) | R50: =ROUND(#REF!+#REF!+#REF!+预安排!G55+#REF!+'6月'!R50,5) | S50: =ROUND(#REF!+#REF!+#REF!+预安排!#REF!+#REF!+'6月'!S50,5) | T50: =ROUND(#REF!+#REF!+#REF!+预安排!#REF!+#REF!+'6月'!T50,5) | U50: =ROUND(#REF!+#REF!+#REF!+预安排!O55+#REF!+'6月'!U50,5) | V50: =ROUND(#REF!+#REF!+#REF!+预安排!P55+#REF!+'6月'!V50,5) | W50: =ROUND(#REF!+#REF!+#REF!+预安排!Q55+#REF!+'6月'!W50,5) | X50: =ROUND(#REF!+#REF!+#REF!+预安排!R55+#REF!+'6月'!X50,5) | Y50: =ROUND(#REF!+#REF!+#REF!+预安排!S55+#REF!+'6月'!Y50,5) | Z50: =ROUND(#REF!+#REF!+#REF!+预安排!#REF!+#REF!+'6月'!Z50,5) | AA50: =ROUND(#REF!+#REF!+#REF!+预安排!#REF!+#REF!+'6月'!AA50,5) | AB50: =ROUND(#REF!+#REF!+#REF!+预安排!#REF!+#REF!+'6月'!AB50,5) | AD50: 方 | AE50: Brand-Anonymized | AF50: 200 | AG50: =计划!O50-O50 | AH50: =ROUND(AG50/$AH$1,2)
B51: SKU-D051F69D | C51: 是 | D51: 10 | L51: 100 | M51: Product-89AAAC0F | N51: 1 | O51: =SUM(P51:AB51) | P51: =ROUND(#REF!+#REF!+#REF!+预安排!F56+#REF!+'6月'!P51,5) | Q51: =ROUND(#REF!+#REF!+#REF!+预安排!#REF!+#REF!+'6月'!Q51,5) | R51: =ROUND(#REF!+#REF!+#REF!+预安排!G56+#REF!+'6月'!R51,5) | S51: =ROUND(#REF!+#REF!+#REF!+预安排!#REF!+#REF!+'6月'!S51,5) | T51: =ROUND(#REF!+#REF!+#REF!+预安排!#REF!+#REF!+'6月'!T51,5) | U51: =ROUND(#REF!+#REF!+#REF!+预安排!O56+#REF!+'6月'!U51,5) | V51: =ROUND(#REF!+#REF!+#REF!+预安排!P56+#REF!+'6月'!V51,5) | W51: =ROUND(#REF!+#REF!+#REF!+预安排!Q56+#REF!+'6月'!W51,5) | X51: =ROUND(#REF!+#REF!+#REF!+预安排!R56+#REF!+'6月'!X51,5) | Y51: =ROUND(#REF!+#REF!+#REF!+预安排!S56+#REF!+'6月'!Y51,5) | Z51: =ROUND(#REF!+#REF!+#REF!+预安排!#REF!+#REF!+'6月'!Z51,5) | AA51: =ROUND(#REF!+#REF!+#REF!+预安排!#REF!+#REF!+'6月'!AA51,5) | AB51: =ROUND(#REF!+#REF!+#REF!+预安排!#REF!+#REF!+'6月'!AB51,5) | AC51: X | AD51: 标 | AE51: Brand-Anonymized | AF51: 200 | AG51: =计划!O51-O51 | AH51: =ROUND(AG51/$AH$1,2)
B52: SKU-D6DABD2C | C52: 是 | D52: 6 | E52: 是 | I52: 是 | L52: 100 | M52: Product-E13E7723 | N52: 1 | O52: =SUM(P52:AB52) | P52: =ROUND(#REF!+#REF!+#REF!+预安排!F57+#REF!+'6月'!P52,5) | Q52: =ROUND(#REF!+#REF!+#REF!+预安排!#REF!+#REF!+'6月'!Q52,5) | R52: =ROUND(#REF!+#REF!+#REF!+预安排!G57+#REF!+'6月'!R52,5) | S52: =ROUND(#REF!+#REF!+#REF!+预安排!#REF!+#REF!+'6月'!S52,5) | T52: =ROUND(#REF!+#REF!+#REF!+预安排!#REF!+#REF!+'6月'!T52,5) | U52: =ROUND(#REF!+#REF!+#REF!+预安排!O57+#REF!+'6月'!U52,5) | V52: =ROUND(#REF!+#REF!+#REF!+预安排!P57+#REF!+'6月'!V52,5) | W52: =ROUND(#REF!+#REF!+#REF!+预安排!Q57+#REF!+'6月'!W52,5) | X52: =ROUND(#REF!+#REF!+#REF!+预安排!R57+#REF!+'6月'!X52,5) | Y52: =ROUND(#REF!+#REF!+#REF!+预安排!S57+#REF!+'6月'!Y52,5) | Z52: =ROUND(#REF!+#REF!+#REF!+预安排!#REF!+#REF!+'6月'!Z52,5) | AA52: =ROUND(#REF!+#REF!+#REF!+预安排!#REF!+#REF!+'6月'!AA52,5) | AB52: =ROUND(#REF!+#REF!+#REF!+预安排!#REF!+#REF!+'6月'!AB52,5) | AC52: X | AD52: 细 | AE52: Brand-Anonymized | AF52: 200 | AG52: =计划!O52-O52 | AH52: =ROUND(AG52/$AH$1,2)
B53: 5 | M53: 辽宁小计 | O53: =SUM(O48:O52) | P53: =SUM(P48:P52) | Q53: =SUM(Q48:Q52) | R53: =SUM(R48:R52) | S53: =SUM(S48:S52) | T53: =SUM(T48:T52) | U53: =SUM(U48:U52) | V53: =SUM(V48:V52) | ... AC53: =SUM(AC48:AC52) | AG53: =计划!O53-O53 | AH53: =ROUND(AG53/$AH$1,2)
A54: 吉林 | B54: SKU-58C29290 | C54: 是 | D54: 8 | L54: 100 | M54: Product-0F81BD89 | N54: 3 | O54: =SUM(P54:AB54) | P54: =ROUND(#REF!+#REF!+#REF!+预安排!F59+#REF!+'6月'!P54,5) | Q54: =ROUND(#REF!+#REF!+#REF!+预安排!#REF!+#REF!+'6月'!Q54,5) | R54: =ROUND(#REF!+#REF!+#REF!+预安排!G59+#REF!+'6月'!R54,5) | S54: =ROUND(#REF!+#REF!+#REF!+预安排!#REF!+#REF!+'6月'!S54,5) | T54: =ROUND(#REF!+#REF!+#REF!+预安排!#REF!+#REF!+'6月'!T54,5) | U54: =ROUND(#REF!+#REF!+#REF!+预安排!O59+#REF!+'6月'!U54,5) | V54: =ROUND(#REF!+#REF!+#REF!+预安排!P59+#REF!+'6月'!V54,5) | W54: =ROUND(#REF!+#REF!+#REF!+预安排!Q59+#REF!+'6月'!W54,5) | X54: =ROUND(#REF!+#REF!+#REF!+预安排!R59+#REF!+'6月'!X54,5) | Y54: =ROUND(#REF!+#REF!+#REF!+预安排!S59+#REF!+'6月'!Y54,5) | Z54: =ROUND(#REF!+#REF!+#REF!+预安排!#REF!+#REF!+'6月'!Z54,5) | AA54: =ROUND(#REF!+#REF!+#REF!+预安排!#REF!+#REF!+'6月'!AA54,5) | AB54: =ROUND(#REF!+#REF!+#REF!+预安排!#REF!+#REF!+'6月'!AB54,5) | AE54: Brand-Anonymized | AF54: 200 | AG54: =计划!O54-O54 | AH54: =ROUND(AG54/$AH$1,2)
B55: SKU-204217AA | C55: 是 | D55: 9 | L55: 100 | M55: Product-65B192F5 | N55: 3 | O55: =SUM(P55:AB55) | P55: =ROUND(#REF!+#REF!+#REF!+预安排!F60+#REF!+'6月'!P55,5) | Q55: =ROUND(#REF!+#REF!+#REF!+预安排!#REF!+#REF!+'6月'!Q55,5) | R55: =ROUND(#REF!+#REF!+#REF!+预安排!G60+#REF!+'6月'!R55,5) | S55: =ROUND(#REF!+#REF!+#REF!+预安排!#REF!+#REF!+'6月'!S55,5) | T55: =ROUND(#REF!+#REF!+#REF!+预安排!#REF!+#REF!+'6月'!T55,5) | U55: =ROUND(#REF!+#REF!+#REF!+预安排!O60+#REF!+'6月'!U55,5) | V55: =ROUND(#REF!+#REF!+#REF!+预安排!P60+#REF!+'6月'!V55,5) | W55: =ROUND(#REF!+#REF!+#REF!+预安排!Q60+#REF!+'6月'!W55,5) | X55: =ROUND(#REF!+#REF!+#REF!+预安排!R60+#REF!+'6月'!X55,5) | Y55: =ROUND(#REF!+#REF!+#REF!+预安排!S60+#REF!+'6月'!Y55,5) | Z55: =ROUND(#REF!+#REF!+#REF!+预安排!#REF!+#REF!+'6月'!Z55,5) | AA55: =ROUND(#REF!+#REF!+#REF!+预安排!#REF!+#REF!+'6月'!AA55,5) | AB55: =ROUND(#REF!+#REF!+#REF!+预安排!#REF!+#REF!+'6月'!AB55,5) | AC55: T | AE55: Brand-Anonymized | AF55: 200 | AG55: =计划!O55-O55 | AH55: =ROUND(AG55/$AH$1,2)
B56: SKU-AA06D68B | C56: 是 | D56: 5 | L56: 100 | M56: Product-BC490182 | N56: 1 | O56: =SUM(P56:AB56) | P56: =ROUND(#REF!+#REF!+#REF!+预安排!F61+#REF!+'6月'!P56,5) | Q56: =ROUND(#REF!+#REF!+#REF!+预安排!#REF!+#REF!+'6月'!Q56,5) | R56: =ROUND(#REF!+#REF!+#REF!+预安排!G61+#REF!+'6月'!R56,5) | S56: =ROUND(#REF!+#REF!+#REF!+预安排!#REF!+#REF!+'6月'!S56,5) | T56: =ROUND(#REF!+#REF!+#REF!+预安排!#REF!+#REF!+'6月'!T56,5) | U56: =ROUND(#REF!+#REF!+#REF!+预安排!O61+#REF!+'6月'!U56,5) | V56: =ROUND(#REF!+#REF!+#REF!+预安排!P61+#REF!+'6月'!V56,5) | W56: =ROUND(#REF!+#REF!+#REF!+预安排!Q61+#REF!+'6月'!W56,5) | X56: =ROUND(#REF!+#REF!+#REF!+预安排!R61+#REF!+'6月'!X56,5) | Y56: =ROUND(#REF!+#REF!+#REF!+预安排!S61+#REF!+'6月'!Y56,5) | Z56: =ROUND(#REF!+#REF!+#REF!+预安排!#REF!+#REF!+'6月'!Z56,5) | AA56: =ROUND(#REF!+#REF!+#REF!+预安排!#REF!+#REF!+'6月'!AA56,5) | AB56: =ROUND(#REF!+#REF!+#REF!+预安排!#REF!+#REF!+'6月'!AB56,5) | AE56: Brand-Anonymized | AF56: 200 | AG56: =计划!O56-O56 | AH56: =ROUND(AG56/$AH$1,2)
B57: SKU-AB711576 | C57: 是 | D57: 7 | E57: 是 | I57: 是 | J57: 共 | L57: 100 | M57: Product-606B1B6A | N57: 2 | O57: =SUM(P57:AB57) | P57: =ROUND(#REF!+#REF!+#REF!+预安排!F62+#REF!+'6月'!P57,5) | Q57: =ROUND(#REF!+#REF!+#REF!+预安排!#REF!+#REF!+'6月'!Q57,5) | R57: =ROUND(#REF!+#REF!+#REF!+预安排!G62+#REF!+'6月'!R57,5) | S57: =ROUND(#REF!+#REF!+#REF!+预安排!#REF!+#REF!+'6月'!S57,5) | T57: =ROUND(#REF!+#REF!+#REF!+预安排!#REF!+#REF!+'6月'!T57,5) | U57: =ROUND(#REF!+#REF!+#REF!+预安排!O62+#REF!+'6月'!U57,5) | V57: =ROUND(#REF!+#REF!+#REF!+预安排!P62+#REF!+'6月'!V57,5) | W57: =ROUND(#REF!+#REF!+#REF!+预安排!Q62+#REF!+'6月'!W57,5) | X57: =ROUND(#REF!+#REF!+#REF!+预安排!R62+#REF!+'6月'!X57,5) | Y57: =ROUND(#REF!+#REF!+#REF!+预安排!S62+#REF!+'6月'!Y57,5) | Z57: =ROUND(#REF!+#REF!+#REF!+预安排!#REF!+#REF!+'6月'!Z57,5) | AA57: =ROUND(#REF!+#REF!+#REF!+预安排!#REF!+#REF!+'6月'!AA57,5) | AB57: =ROUND(#REF!+#REF!+#REF!+预安排!#REF!+#REF!+'6月'!AB57,5) | AC57: T | AD57: 细 | AE57: Brand-Anonymized | AF57: 200 | AG57: =计划!O57-O57 | AH57: =ROUND(AG57/$AH$1,2)
B58: SKU-9F810407 | C58: 是 | D58: 9 | F58: 是 | I58: 是 | L58: 100 | M58: Product-F93B8445 | N58: 3 | O58: =SUM(P58:AB58) | P58: =ROUND(#REF!+#REF!+#REF!+预安排!F63+#REF!+'6月'!P58,5) | Q58: =ROUND(#REF!+#REF!+#REF!+预安排!#REF!+#REF!+'6月'!Q58,5) | R58: =ROUND(#REF!+#REF!+#REF!+预安排!G63+#REF!+'6月'!R58,5) | S58: =ROUND(#REF!+#REF!+#REF!+预安排!#REF!+#REF!+'6月'!S58,5) | T58: =ROUND(#REF!+#REF!+#REF!+预安排!#REF!+#REF!+'6月'!T58,5) | U58: =ROUND(#REF!+#REF!+#REF!+预安排!O63+#REF!+'6月'!U58,5) | V58: =ROUND(#REF!+#REF!+#REF!+预安排!P63+#REF!+'6月'!V58,5) | W58: =ROUND(#REF!+#REF!+#REF!+预安排!Q63+#REF!+'6月'!W58,5) | X58: =ROUND(#REF!+#REF!+#REF!+预安排!R63+#REF!+'6月'!X58,5) | Y58: =ROUND(#REF!+#REF!+#REF!+预安排!S63+#REF!+'6月'!Y58,5) | Z58: =ROUND(#REF!+#REF!+#REF!+预安排!#REF!+#REF!+'6月'!Z58,5) | AA58: =ROUND(#REF!+#REF!+#REF!+预安排!#REF!+#REF!+'6月'!AA58,5) | AB58: =ROUND(#REF!+#REF!+#REF!+预安排!#REF!+#REF!+'6月'!AB58,5) | AD58: 细 | AE58: Brand-Anonymized | AF58: 200 | AG58: =计划!O58-O58 | AH58: =ROUND(AG58/$AH$1,2)
B59: SKU-F676B681 | C59: 是 | D59: 9 | F59: 是 | I59: 是 | L59: 100 | M59: Product-33875634 | N59: 1 | O59: =SUM(P59:AB59) | P59: =ROUND(#REF!+#REF!+#REF!+预安排!F64+#REF!+'6月'!P59,5) | Q59: =ROUND(#REF!+#REF!+#REF!+预安排!#REF!+#REF!+'6月'!Q59,5) | R59: =ROUND(#REF!+#REF!+#REF!+预安排!G64+#REF!+'6月'!R59,5) | S59: =ROUND(#REF!+#REF!+#REF!+预安排!#REF!+#REF!+'6月'!S59,5) | T59: =ROUND(#REF!+#REF!+#REF!+预安排!#REF!+#REF!+'6月'!T59,5) | U59: =ROUND(#REF!+#REF!+#REF!+预安排!O64+#REF!+'6月'!U59,5) | V59: =ROUND(#REF!+#REF!+#REF!+预安排!P64+#REF!+'6月'!V59,5) | W59: =ROUND(#REF!+#REF!+#REF!+预安排!Q64+#REF!+'6月'!W59,5) | X59: =ROUND(#REF!+#REF!+#REF!+预安排!R64+#REF!+'6月'!X59,5) | Y59: =ROUND(#REF!+#REF!+#REF!+预安排!S64+#REF!+'6月'!Y59,5) | Z59: =ROUND(#REF!+#REF!+#REF!+预安排!#REF!+#REF!+'6月'!Z59,5) | AA59: =ROUND(#REF!+#REF!+#REF!+预安排!#REF!+#REF!+'6月'!AA59,5) | AB59: =ROUND(#REF!+#REF!+#REF!+预安排!#REF!+#REF!+'6月'!AB59,5) | AE59: Brand-Anonymized | AF59: 200 | AG59: =计划!O59-O59 | AH59: =ROUND(AG59/$AH$1,2)
B60: SKU-E4C1BC6F | C60: 是 | D60: 8 | E60: 是 | I60: 是 | J60: 共 | L60: 100 | M60: Product-10F9DCAD | N60: 1 | O60: =SUM(P60:AB60) | P60: =ROUND(#REF!+#REF!+#REF!+预安排!F65+#REF!+'6月'!P60,5) | Q60: =ROUND(#REF!+#REF!+#REF!+预安排!#REF!+#REF!+'6月'!Q60,5) | R60: =ROUND(#REF!+#REF!+#REF!+预安排!G65+#REF!+'6月'!R60,5) | S60: =ROUND(#REF!+#REF!+#REF!+预安排!#REF!+#REF!+'6月'!S60,5) | T60: =ROUND(#REF!+#REF!+#REF!+预安排!#REF!+#REF!+'6月'!T60,5) | U60: =ROUND(#REF!+#REF!+#REF!+预安排!O65+#REF!+'6月'!U60,5) | V60: =ROUND(#REF!+#REF!+#REF!+预安排!P65+#REF!+'6月'!V60,5) | W60: =ROUND(#REF!+#REF!+#REF!+预安排!Q65+#REF!+'6月'!W60,5) | X60: =ROUND(#REF!+#REF!+#REF!+预安排!R65+#REF!+'6月'!X60,5) | Y60: =ROUND(#REF!+#REF!+#REF!+预安排!S65+#REF!+'6月'!Y60,5) | Z60: =ROUND(#REF!+#REF!+#REF!+预安排!#REF!+#REF!+'6月'!Z60,5) | AA60: =ROUND(#REF!+#REF!+#REF!+预安排!#REF!+#REF!+'6月'!AA60,5) | AB60: =ROUND(#REF!+#REF!+#REF!+预安排!#REF!+#REF!+'6月'!AB60,5) | AD60: 细 | AE60: Brand-Anonymized | AF60: 200 | AG60: =计划!O60-O60 | AH60: =ROUND(AG60/$AH$1,2)
B61: SKU-CD605EDE | C61: 是 | D61: 9 | F61: 是 | I61: 是 | L61: 100 | M61: Product-219B759F | N61: 1 | O61: =SUM(P61:AB61) | P61: =ROUND(#REF!+#REF!+#REF!+预安排!F66+#REF!+'6月'!P61,5) | Q61: =ROUND(#REF!+#REF!+#REF!+预安排!#REF!+#REF!+'6月'!Q61,5) | R61: =ROUND(#REF!+#REF!+#REF!+预安排!G66+#REF!+'6月'!R61,5) | S61: =ROUND(#REF!+#REF!+#REF!+预安排!#REF!+#REF!+'6月'!S61,5) | T61: =ROUND(#REF!+#REF!+#REF!+预安排!#REF!+#REF!+'6月'!T61,5) | U61: =ROUND(#REF!+#REF!+#REF!+预安排!O66+#REF!+'6月'!U61,5) | V61: =ROUND(#REF!+#REF!+#REF!+预安排!P66+#REF!+'6月'!V61,5) | W61: =ROUND(#REF!+#REF!+#REF!+预安排!Q66+#REF!+'6月'!W61,5) | X61: =ROUND(#REF!+#REF!+#REF!+预安排!R66+#REF!+'6月'!X61,5) | Y61: =ROUND(#REF!+#REF!+#REF!+预安排!S66+#REF!+'6月'!Y61,5) | Z61: =ROUND(#REF!+#REF!+#REF!+预安排!#REF!+#REF!+'6月'!Z61,5) | AA61: =ROUND(#REF!+#REF!+#REF!+预安排!#REF!+#REF!+'6月'!AA61,5) | AB61: =ROUND(#REF!+#REF!+#REF!+预安排!#REF!+#REF!+'6月'!AB61,5) | AC61: X | AD61: 长 | AE61: Brand-Anonymized | AF61: 200 | AG61: =计划!O61-O61 | AH61: =ROUND(AG61/$AH$1,2)
B62: 8 | M62: 吉林小计 | O62: =SUM(O54:O61) | P62: =SUM(P54:P61) | Q62: =SUM(Q54:Q61) | R62: =SUM(R54:R61) | S62: =SUM(S54:S61) | T62: =SUM(T54:T61) | U62: =SUM(U54:U61) | V62: =SUM(V54:V61) | ... AC62: =SUM(AC54:AC61) | AG62: =计划!O62-O62 | AH62: =ROUND(AG62/$AH$1,2)
A63: 深圳 | B63: SKU-BBC3DCE6 | C63: 是 | D63: 8 | E63: 是 | I63: 是 | L63: 100 | M63: Product-3237B6F2 | N63: 1 | O63: =SUM(P63:AB63) | P63: =ROUND(#REF!+#REF!+#REF!+预安排!F68+#REF!+'6月'!P63,5) | Q63: =ROUND(#REF!+#REF!+#REF!+预安排!#REF!+#REF!+'6月'!Q63,5) | R63: =ROUND(#REF!+#REF!+#REF!+预安排!G68+#REF!+'6月'!R63,5) | S63: =ROUND(#REF!+#REF!+#REF!+预安排!#REF!+#REF!+'6月'!S63,5) | T63: =ROUND(#REF!+#REF!+#REF!+预安排!#REF!+#REF!+'6月'!T63,5) | U63: =ROUND(#REF!+#REF!+#REF!+预安排!O68+#REF!+'6月'!U63,5) | V63: =ROUND(#REF!+#REF!+#REF!+预安排!P68+#REF!+'6月'!V63,5) | W63: =ROUND(#REF!+#REF!+#REF!+预安排!Q68+#REF!+'6月'!W63,5) | X63: =ROUND(#REF!+#REF!+#REF!+预安排!R68+#REF!+'6月'!X63,5) | Y63: =ROUND(#REF!+#REF!+#REF!+预安排!S68+#REF!+'6月'!Y63,5) | Z63: =ROUND(#REF!+#REF!+#REF!+预安排!#REF!+#REF!+'6月'!Z63,5) | AA63: =ROUND(#REF!+#REF!+#REF!+预安排!#REF!+#REF!+'6月'!AA63,5) | AB63: =ROUND(#REF!+#REF!+#REF!+预安排!#REF!+#REF!+'6月'!AB63,5) | AD63: 标 | AE63: Brand-Anonymized | AF63: 200 | AG63: =计划!O63-O63 | AH63: =ROUND(AG63/$AH$1,2)
B64: SKU-B505F1AF | C64: 是 | D64: 10 | F64: 是 | I64: 是 | L64: 100 | M64: Product-3EEAD3B7 | N64: 1 | O64: =SUM(P64:AB64) | P64: =ROUND(#REF!+#REF!+#REF!+预安排!F69+#REF!+'6月'!P64,5) | Q64: =ROUND(#REF!+#REF!+#REF!+预安排!#REF!+#REF!+'6月'!Q64,5) | R64: =ROUND(#REF!+#REF!+#REF!+预安排!G69+#REF!+'6月'!R64,5) | S64: =ROUND(#REF!+#REF!+#REF!+预安排!#REF!+#REF!+'6月'!S64,5) | T64: =ROUND(#REF!+#REF!+#REF!+预安排!#REF!+#REF!+'6月'!T64,5) | U64: =ROUND(#REF!+#REF!+#REF!+预安排!O69+#REF!+'6月'!U64,5) | V64: =ROUND(#REF!+#REF!+#REF!+预安排!P69+#REF!+'6月'!V64,5) | W64: =ROUND(#REF!+#REF!+#REF!+预安排!Q69+#REF!+'6月'!W64,5) | X64: =ROUND(#REF!+#REF!+#REF!+预安排!R69+#REF!+'6月'!X64,5) | Y64: =ROUND(#REF!+#REF!+#REF!+预安排!S69+#REF!+'6月'!Y64,5) | Z64: =ROUND(#REF!+#REF!+#REF!+预安排!#REF!+#REF!+'6月'!Z64,5) | AA64: =ROUND(#REF!+#REF!+#REF!+预安排!#REF!+#REF!+'6月'!AA64,5) | AB64: =ROUND(#REF!+#REF!+#REF!+预安排!#REF!+#REF!+'6月'!AB64,5) | AC64: X | AD64: 方 | AE64: Brand-Anonymized | AF64: 200 | AG64: =计划!O64-O64 | AH64: =ROUND(AG64/$AH$1,2)
B65: 2 | M65: 深圳小计 | O65: =SUM(O63:O64) | P65: =SUM(P63:P64) | Q65: =SUM(Q63:Q64) | R65: =SUM(R63:R64) | S65: =SUM(S63:S64) | T65: =SUM(T63:T64) | U65: =SUM(U63:U64) | V65: =SUM(V63:V64) | ... AC65: =SUM(AC63:AC64) | AG65: =计划!O65-O65 | AH65: =ROUND(AG65/$AH$1,2)
A66: 甘肃 | B66: SKU-ADBD66B8 | C66: 是 | D66: 6 | L66: 100 | M66: Product-3232333E | N66: 3 | O66: =SUM(P66:AB66) | P66: =ROUND(#REF!+#REF!+#REF!+预安排!F71+#REF!+'6月'!P66,5) | Q66: =ROUND(#REF!+#REF!+#REF!+预安排!#REF!+#REF!+'6月'!Q66,5) | R66: =ROUND(#REF!+#REF!+#REF!+预安排!G71+#REF!+'6月'!R66,5) | S66: =ROUND(#REF!+#REF!+#REF!+预安排!#REF!+#REF!+'6月'!S66,5) | T66: =ROUND(#REF!+#REF!+#REF!+预安排!#REF!+#REF!+'6月'!T66,5) | U66: =ROUND(#REF!+#REF!+#REF!+预安排!O71+#REF!+'6月'!U66,5) | V66: =ROUND(#REF!+#REF!+#REF!+预安排!P71+#REF!+'6月'!V66,5) | W66: =ROUND(#REF!+#REF!+#REF!+预安排!Q71+#REF!+'6月'!W66,5) | X66: =ROUND(#REF!+#REF!+#REF!+预安排!R71+#REF!+'6月'!X66,5) | Y66: =ROUND(#REF!+#REF!+#REF!+预安排!S71+#REF!+'6月'!Y66,5) | Z66: =ROUND(#REF!+#REF!+#REF!+预安排!#REF!+#REF!+'6月'!Z66,5) | AA66: =ROUND(#REF!+#REF!+#REF!+预安排!#REF!+#REF!+'6月'!AA66,5) | AB66: =ROUND(#REF!+#REF!+#REF!+预安排!#REF!+#REF!+'6月'!AB66,5) | AC66: T | AE66: Brand-Anonymized | AF66: 200 | AG66: =计划!O66-O66 | AH66: =ROUND(AG66/$AH$1,2)
B67: SKU-77309807 | C67: 是 | D67: 8 | J67: 共 | L67: 100 | M67: Product-569CC6FE | N67: 2 | O67: =SUM(P67:AB67) | P67: =ROUND(#REF!+#REF!+#REF!+预安排!F72+#REF!+'6月'!P67,5) | Q67: =ROUND(#REF!+#REF!+#REF!+预安排!#REF!+#REF!+'6月'!Q67,5) | R67: =ROUND(#REF!+#REF!+#REF!+预安排!G72+#REF!+'6月'!R67,5) | S67: =ROUND(#REF!+#REF!+#REF!+预安排!#REF!+#REF!+'6月'!S67,5) | T67: =ROUND(#REF!+#REF!+#REF!+预安排!#REF!+#REF!+'6月'!T67,5) | U67: =ROUND(#REF!+#REF!+#REF!+预安排!O72+#REF!+'6月'!U67,5) | V67: =ROUND(#REF!+#REF!+#REF!+预安排!P72+#REF!+'6月'!V67,5) | W67: =ROUND(#REF!+#REF!+#REF!+预安排!Q72+#REF!+'6月'!W67,5) | X67: =ROUND(#REF!+#REF!+#REF!+预安排!R72+#REF!+'6月'!X67,5) | Y67: =ROUND(#REF!+#REF!+#REF!+预安排!S72+#REF!+'6月'!Y67,5) | Z67: =ROUND(#REF!+#REF!+#REF!+预安排!#REF!+#REF!+'6月'!Z67,5) | AA67: =ROUND(#REF!+#REF!+#REF!+预安排!#REF!+#REF!+'6月'!AA67,5) | AB67: =ROUND(#REF!+#REF!+#REF!+预安排!#REF!+#REF!+'6月'!AB67,5) | AE67: Brand-Anonymized | AF67: 200 | AG67: =计划!O67-O67 | AH67: =ROUND(AG67/$AH$1,2)
B68: SKU-20CF6943 | C68: 是 | D68: 8 | H68: 是 | I68: 是 | L68: 100 | M68: Product-D195C7CE | N68: 3 | O68: =SUM(P68:AB68) | P68: =ROUND(#REF!+#REF!+#REF!+预安排!F73+#REF!+'6月'!P68,5) | Q68: =ROUND(#REF!+#REF!+#REF!+预安排!#REF!+#REF!+'6月'!Q68,5) | R68: =ROUND(#REF!+#REF!+#REF!+预安排!G73+#REF!+'6月'!R68,5) | S68: =ROUND(#REF!+#REF!+#REF!+预安排!#REF!+#REF!+'6月'!S68,5) | T68: =ROUND(#REF!+#REF!+#REF!+预安排!#REF!+#REF!+'6月'!T68,5) | U68: =ROUND(#REF!+#REF!+#REF!+预安排!O73+#REF!+'6月'!U68,5) | V68: =ROUND(#REF!+#REF!+#REF!+预安排!P73+#REF!+'6月'!V68,5) | W68: =ROUND(#REF!+#REF!+#REF!+预安排!Q73+#REF!+'6月'!W68,5) | X68: =ROUND(#REF!+#REF!+#REF!+预安排!R73+#REF!+'6月'!X68,5) | Y68: =ROUND(#REF!+#REF!+#REF!+预安排!S73+#REF!+'6月'!Y68,5) | Z68: =ROUND(#REF!+#REF!+#REF!+预安排!#REF!+#REF!+'6月'!Z68,5) | AA68: =ROUND(#REF!+#REF!+#REF!+预安排!#REF!+#REF!+'6月'!AA68,5) | AB68: =ROUND(#REF!+#REF!+#REF!+预安排!#REF!+#REF!+'6月'!AB68,5) | AE68: Brand-Anonymized | AF68: 200 | AG68: =计划!O68-O68 | AH68: =ROUND(AG68/$AH$1,2)
B69: SKU-64A5E460 | C69: 是 | D69: 8 | F69: 是 | I69: 是 | L69: 100 | M69: Product-6C74D635 | N69: 1 | O69: =SUM(P69:AB69) | P69: =ROUND(#REF!+#REF!+#REF!+预安排!F74+#REF!+'6月'!P69,5) | Q69: =ROUND(#REF!+#REF!+#REF!+预安排!#REF!+#REF!+'6月'!Q69,5) | R69: =ROUND(#REF!+#REF!+#REF!+预安排!G74+#REF!+'6月'!R69,5) | S69: =ROUND(#REF!+#REF!+#REF!+预安排!#REF!+#REF!+'6月'!S69,5) | T69: =ROUND(#REF!+#REF!+#REF!+预安排!#REF!+#REF!+'6月'!T69,5) | U69: =ROUND(#REF!+#REF!+#REF!+预安排!O74+#REF!+'6月'!U69,5) | V69: =ROUND(#REF!+#REF!+#REF!+预安排!P74+#REF!+'6月'!V69,5) | W69: =ROUND(#REF!+#REF!+#REF!+预安排!Q74+#REF!+'6月'!W69,5) | X69: =ROUND(#REF!+#REF!+#REF!+预安排!R74+#REF!+'6月'!X69,5) | Y69: =ROUND(#REF!+#REF!+#REF!+预安排!S74+#REF!+'6月'!Y69,5) | Z69: =ROUND(#REF!+#REF!+#REF!+预安排!#REF!+#REF!+'6月'!Z69,5) | AA69: =ROUND(#REF!+#REF!+#REF!+预安排!#REF!+#REF!+'6月'!AA69,5) | AB69: =ROUND(#REF!+#REF!+#REF!+预安排!#REF!+#REF!+'6月'!AB69,5) | AD69: 长 | AE69: Brand-Anonymized | AF69: 200 | AG69: =计划!O69-O69 | AH69: =ROUND(AG69/$AH$1,2)
B70: 4 | M70: 甘肃小计 | O70: =SUM(O66:O69) | P70: =SUM(P66:P69) | Q70: =SUM(Q66:Q69) | R70: =SUM(R66:R69) | S70: =SUM(S66:S69) | T70: =SUM(T66:T69) | U70: =SUM(U66:U69) | V70: =SUM(V66:V69) | ... AC70: =SUM(AC66:AC69) | AG70: =计划!O70-O70 | AH70: =ROUND(AG70/$AH$1,2)
A71: 黑龙江 | B71: SKU-D485CCCA | D71: 10 | F71: 是 | I71: 是 | L71: 100 | M71: Product-05507059 | N71: 3 | O71: =SUM(P71:AB71) | P71: =ROUND(#REF!+#REF!+#REF!+预安排!F76+#REF!+'6月'!P71,5) | Q71: =ROUND(#REF!+#REF!+#REF!+预安排!#REF!+#REF!+'6月'!Q71,5) | R71: =ROUND(#REF!+#REF!+#REF!+预安排!G76+#REF!+'6月'!R71,5) | S71: =ROUND(#REF!+#REF!+#REF!+预安排!#REF!+#REF!+'6月'!S71,5) | T71: =ROUND(#REF!+#REF!+#REF!+预安排!#REF!+#REF!+'6月'!T71,5) | U71: =ROUND(#REF!+#REF!+#REF!+预安排!O76+#REF!+'6月'!U71,5) | V71: =ROUND(#REF!+#REF!+#REF!+预安排!P76+#REF!+'6月'!V71,5) | W71: =ROUND(#REF!+#REF!+#REF!+预安排!Q76+#REF!+'6月'!W71,5) | X71: =ROUND(#REF!+#REF!+#REF!+预安排!R76+#REF!+'6月'!X71,5) | Y71: =ROUND(#REF!+#REF!+#REF!+预安排!S76+#REF!+'6月'!Y71,5) | Z71: =ROUND(#REF!+#REF!+#REF!+预安排!#REF!+#REF!+'6月'!Z71,5) | AA71: =ROUND(#REF!+#REF!+#REF!+预安排!#REF!+#REF!+'6月'!AA71,5) | AB71: =ROUND(#REF!+#REF!+#REF!+预安排!#REF!+#REF!+'6月'!AB71,5) | AD71: 标 | AE71: Brand-Anonymized | AF71: 200 | AG71: =计划!O71-O71 | AH71: =ROUND(AG71/$AH$1,2)
B72: SKU-66238053 | D72: 8 | E72: 是 | I72: 是 | L72: 100 | M72: Product-B4F67B70 | N72: 2 | O72: =SUM(P72:AB72) | P72: =ROUND(#REF!+#REF!+#REF!+预安排!F77+#REF!+'6月'!P72,5) | Q72: =ROUND(#REF!+#REF!+#REF!+预安排!#REF!+#REF!+'6月'!Q72,5) | R72: =ROUND(#REF!+#REF!+#REF!+预安排!G77+#REF!+'6月'!R72,5) | S72: =ROUND(#REF!+#REF!+#REF!+预安排!#REF!+#REF!+'6月'!S72,5) | T72: =ROUND(#REF!+#REF!+#REF!+预安排!#REF!+#REF!+'6月'!T72,5) | U72: =ROUND(#REF!+#REF!+#REF!+预安排!O77+#REF!+'6月'!U72,5) | V72: =ROUND(#REF!+#REF!+#REF!+预安排!P77+#REF!+'6月'!V72,5) | W72: =ROUND(#REF!+#REF!+#REF!+预安排!Q77+#REF!+'6月'!W72,5) | X72: =ROUND(#REF!+#REF!+#REF!+预安排!R77+#REF!+'6月'!X72,5) | Y72: =ROUND(#REF!+#REF!+#REF!+预安排!S77+#REF!+'6月'!Y72,5) | Z72: =ROUND(#REF!+#REF!+#REF!+预安排!#REF!+#REF!+'6月'!Z72,5) | AA72: =ROUND(#REF!+#REF!+#REF!+预安排!#REF!+#REF!+'6月'!AA72,5) | AB72: =ROUND(#REF!+#REF!+#REF!+预安排!#REF!+#REF!+'6月'!AB72,5) | AD72: 标 | AE72: Brand-Anonymized | AF72: 200 | AG72: =计划!O72-O72 | AH72: =ROUND(AG72/$AH$1,2)
B73: SKU-AEC03642 | D73: 8 | F73: 是 | I73: 是 | L73: 100 | M73: Product-5A4A091A | N73: 1 | O73: =SUM(P73:AB73) | P73: =ROUND(#REF!+#REF!+#REF!+预安排!F78+#REF!+'6月'!P73,5) | Q73: =ROUND(#REF!+#REF!+#REF!+预安排!#REF!+#REF!+'6月'!Q73,5) | R73: =ROUND(#REF!+#REF!+#REF!+预安排!G78+#REF!+'6月'!R73,5) | S73: =ROUND(#REF!+#REF!+#REF!+预安排!#REF!+#REF!+'6月'!S73,5) | T73: =ROUND(#REF!+#REF!+#REF!+预安排!#REF!+#REF!+'6月'!T73,5) | U73: =ROUND(#REF!+#REF!+#REF!+预安排!O78+#REF!+'6月'!U73,5) | V73: =ROUND(#REF!+#REF!+#REF!+预安排!P78+#REF!+'6月'!V73,5) | W73: =ROUND(#REF!+#REF!+#REF!+预安排!Q78+#REF!+'6月'!W73,5) | X73: =ROUND(#REF!+#REF!+#REF!+预安排!R78+#REF!+'6月'!X73,5) | Y73: =ROUND(#REF!+#REF!+#REF!+预安排!S78+#REF!+'6月'!Y73,5) | Z73: =ROUND(#REF!+#REF!+#REF!+预安排!#REF!+#REF!+'6月'!Z73,5) | AA73: =ROUND(#REF!+#REF!+#REF!+预安排!#REF!+#REF!+'6月'!AA73,5) | AB73: =ROUND(#REF!+#REF!+#REF!+预安排!#REF!+#REF!+'6月'!AB73,5) | AC73: X | AE73: Brand-Anonymized | AF73: 200 | AG73: =计划!O73-O73 | AH73: =ROUND(AG73/$AH$1,2)
B74: 3 | M74: 黑龙江小计 | O74: =SUM(O71:O73) | P74: =SUM(P71:P73) | Q74: =SUM(Q71:Q73) | R74: =SUM(R71:R73) | S74: =SUM(S71:S73) | T74: =SUM(T71:T73) | U74: =SUM(U71:U73) | V74: =SUM(V71:V73) | ... AC74: =SUM(AC71:AC73) | AG74: =计划!O74-O74 | AH74: =ROUND(AG74/$AH$1,2)
A75: 内蒙 | B75: SKU-6FADBEBD | C75: 是 | D75: 5 | E75: 是 | I75: 是 | J75: 共 | L75: 100 | M75: Product-224E6368 | N75: 1 | O75: =SUM(P75:AB75) | P75: =ROUND(#REF!+#REF!+#REF!+预安排!F80+#REF!+'6月'!P75,5) | Q75: =ROUND(#REF!+#REF!+#REF!+预安排!#REF!+#REF!+'6月'!Q75,5) | R75: =ROUND(#REF!+#REF!+#REF!+预安排!G80+#REF!+'6月'!R75,5) | S75: =ROUND(#REF!+#REF!+#REF!+预安排!#REF!+#REF!+'6月'!S75,5) | T75: =ROUND(#REF!+#REF!+#REF!+预安排!#REF!+#REF!+'6月'!T75,5) | U75: =ROUND(#REF!+#REF!+#REF!+预安排!O80+#REF!+'6月'!U75,5) | V75: =ROUND(#REF!+#REF!+#REF!+预安排!P80+#REF!+'6月'!V75,5) | W75: =ROUND(#REF!+#REF!+#REF!+预安排!Q80+#REF!+'6月'!W75,5) | X75: =ROUND(#REF!+#REF!+#REF!+预安排!R80+#REF!+'6月'!X75,5) | Y75: =ROUND(#REF!+#REF!+#REF!+预安排!S80+#REF!+'6月'!Y75,5) | Z75: =ROUND(#REF!+#REF!+#REF!+预安排!#REF!+#REF!+'6月'!Z75,5) | AA75: =ROUND(#REF!+#REF!+#REF!+预安排!#REF!+#REF!+'6月'!AA75,5) | AB75: =ROUND(#REF!+#REF!+#REF!+预安排!#REF!+#REF!+'6月'!AB75,5) | AD75: 细 | AE75: Brand-Anonymized | AF75: 200 | AG75: =计划!O75-O75 | AH75: =ROUND(AG75/$AH$1,2)
B76: SKU-6772DEBE | C76: 是 | D76: 6 | F76: 是 | I76: 是 | L76: 100 | M76: Product-82693D22 | N76: 1 | O76: =SUM(P76:AB76) | P76: =ROUND(#REF!+#REF!+#REF!+预安排!F81+#REF!+'6月'!P76,5) | Q76: =ROUND(#REF!+#REF!+#REF!+预安排!#REF!+#REF!+'6月'!Q76,5) | R76: =ROUND(#REF!+#REF!+#REF!+预安排!G81+#REF!+'6月'!R76,5) | S76: =ROUND(#REF!+#REF!+#REF!+预安排!#REF!+#REF!+'6月'!S76,5) | T76: =ROUND(#REF!+#REF!+#REF!+预安排!#REF!+#REF!+'6月'!T76,5) | U76: =ROUND(#REF!+#REF!+#REF!+预安排!O81+#REF!+'6月'!U76,5) | V76: =ROUND(#REF!+#REF!+#REF!+预安排!P81+#REF!+'6月'!V76,5) | W76: =ROUND(#REF!+#REF!+#REF!+预安排!Q81+#REF!+'6月'!W76,5) | X76: =ROUND(#REF!+#REF!+#REF!+预安排!R81+#REF!+'6月'!X76,5) | Y76: =ROUND(#REF!+#REF!+#REF!+预安排!S81+#REF!+'6月'!Y76,5) | Z76: =ROUND(#REF!+#REF!+#REF!+预安排!#REF!+#REF!+'6月'!Z76,5) | AA76: =ROUND(#REF!+#REF!+#REF!+预安排!#REF!+#REF!+'6月'!AA76,5) | AB76: =ROUND(#REF!+#REF!+#REF!+预安排!#REF!+#REF!+'6月'!AB76,5) | AD76: 长 | AE76: Brand-Anonymized | AF76: 200 | AG76: =计划!O76-O76 | AH76: =ROUND(AG76/$AH$1,2)
B77: SKU-3B2628FE | C77: 是 | D77: 8 | F77: 是 | I77: 是 | L77: 100 | M77: Product-F68D7468 | N77: 1 | O77: =SUM(P77:AB77) | P77: =ROUND(#REF!+#REF!+#REF!+预安排!F82+#REF!+'6月'!P77,5) | Q77: =ROUND(#REF!+#REF!+#REF!+预安排!#REF!+#REF!+'6月'!Q77,5) | R77: =ROUND(#REF!+#REF!+#REF!+预安排!G82+#REF!+'6月'!R77,5) | S77: =ROUND(#REF!+#REF!+#REF!+预安排!#REF!+#REF!+'6月'!S77,5) | T77: =ROUND(#REF!+#REF!+#REF!+预安排!#REF!+#REF!+'6月'!T77,5) | U77: =ROUND(#REF!+#REF!+#REF!+预安排!O82+#REF!+'6月'!U77,5) | V77: =ROUND(#REF!+#REF!+#REF!+预安排!P82+#REF!+'6月'!V77,5) | W77: =ROUND(#REF!+#REF!+#REF!+预安排!Q82+#REF!+'6月'!W77,5) | X77: =ROUND(#REF!+#REF!+#REF!+预安排!R82+#REF!+'6月'!X77,5) | Y77: =ROUND(#REF!+#REF!+#REF!+预安排!S82+#REF!+'6月'!Y77,5) | Z77: =ROUND(#REF!+#REF!+#REF!+预安排!#REF!+#REF!+'6月'!Z77,5) | AA77: =ROUND(#REF!+#REF!+#REF!+预安排!#REF!+#REF!+'6月'!AA77,5) | AB77: =ROUND(#REF!+#REF!+#REF!+预安排!#REF!+#REF!+'6月'!AB77,5) | AE77: Brand-Anonymized | AF77: 200 | AG77: =计划!O77-O77 | AH77: =ROUND(AG77/$AH$1,2)
B78: SKU-01CFC7C8 | C78: 是 | D78: 3 | E78: 是 | I78: 是 | L78: 100 | M78: Product-1385CA82 | N78: 1 | O78: =SUM(P78:AB78) | P78: =ROUND(#REF!+#REF!+#REF!+预安排!F83+#REF!+'6月'!P78,5) | Q78: =ROUND(#REF!+#REF!+#REF!+预安排!#REF!+#REF!+'6月'!Q78,5) | R78: =ROUND(#REF!+#REF!+#REF!+预安排!G83+#REF!+'6月'!R78,5) | S78: =ROUND(#REF!+#REF!+#REF!+预安排!#REF!+#REF!+'6月'!S78,5) | T78: =ROUND(#REF!+#REF!+#REF!+预安排!#REF!+#REF!+'6月'!T78,5) | U78: =ROUND(#REF!+#REF!+#REF!+预安排!O83+#REF!+'6月'!U78,5) | V78: =ROUND(#REF!+#REF!+#REF!+预安排!P83+#REF!+'6月'!V78,5) | W78: =ROUND(#REF!+#REF!+#REF!+预安排!Q83+#REF!+'6月'!W78,5) | X78: =ROUND(#REF!+#REF!+#REF!+预安排!R83+#REF!+'6月'!X78,5) | Y78: =ROUND(#REF!+#REF!+#REF!+预安排!S83+#REF!+'6月'!Y78,5) | Z78: =ROUND(#REF!+#REF!+#REF!+预安排!#REF!+#REF!+'6月'!Z78,5) | AA78: =ROUND(#REF!+#REF!+#REF!+预安排!#REF!+#REF!+'6月'!AA78,5) | AB78: =ROUND(#REF!+#REF!+#REF!+预安排!#REF!+#REF!+'6月'!AB78,5) | AC78: X | AD78: 细 | AE78: Brand-Anonymized | AF78: 200 | AG78: =计划!O78-O78 | AH78: =ROUND(AG78/$AH$1,2)
B79: SKU-3BC6D3D6 | C79: 是 | D79: 10 | L79: 100 | M79: Product-7FD02DE1 | N79: 2 | O79: =SUM(P79:AB79) | P79: =ROUND(#REF!+#REF!+#REF!+预安排!F84+#REF!+'6月'!P79,5) | Q79: =ROUND(#REF!+#REF!+#REF!+预安排!#REF!+#REF!+'6月'!Q79,5) | R79: =ROUND(#REF!+#REF!+#REF!+预安排!G84+#REF!+'6月'!R79,5) | S79: =ROUND(#REF!+#REF!+#REF!+预安排!#REF!+#REF!+'6月'!S79,5) | T79: =ROUND(#REF!+#REF!+#REF!+预安排!#REF!+#REF!+'6月'!T79,5) | U79: =ROUND(#REF!+#REF!+#REF!+预安排!O84+#REF!+'6月'!U79,5) | V79: =ROUND(#REF!+#REF!+#REF!+预安排!P84+#REF!+'6月'!V79,5) | W79: =ROUND(#REF!+#REF!+#REF!+预安排!Q84+#REF!+'6月'!W79,5) | X79: =ROUND(#REF!+#REF!+#REF!+预安排!R84+#REF!+'6月'!X79,5) | Y79: =ROUND(#REF!+#REF!+#REF!+预安排!S84+#REF!+'6月'!Y79,5) | Z79: =ROUND(#REF!+#REF!+#REF!+预安排!#REF!+#REF!+'6月'!Z79,5) | AA79: =ROUND(#REF!+#REF!+#REF!+预安排!#REF!+#REF!+'6月'!AA79,5) | AB79: =ROUND(#REF!+#REF!+#REF!+预安排!#REF!+#REF!+'6月'!AB79,5) | AE79: Brand-Anonymized | AF79: 200 | AG79: =计划!O79-O79 | AH79: =ROUND(AG79/$AH$1,2)
B80: 5 | M80: 内蒙小计 | O80: =SUM(O75:O79) | P80: =SUM(P75:P79) | Q80: =SUM(Q75:Q79) | R80: =SUM(R75:R79) | S80: =SUM(S75:S79) | T80: =SUM(T75:T79) | U80: =SUM(U75:U79) | V80: =SUM(V75:V79) | ... AC80: =SUM(AC75:AC79) | AG80: =计划!O80-O80 | AH80: =ROUND(AG80/$AH$1,2)
A81: 海南 | B81: SKU-2379F692 | D81: 8 | E81: 是 | H81: 是 | I81: 是 | L81: 100 | M81: Product-1E77ED33 | N81: 1 | O81: =SUM(P81:AB81) | P81: =ROUND(#REF!+#REF!+#REF!+预安排!F86+#REF!+'6月'!P81,5) | Q81: =ROUND(#REF!+#REF!+#REF!+预安排!#REF!+#REF!+'6月'!Q81,5) | R81: =ROUND(#REF!+#REF!+#REF!+预安排!G86+#REF!+'6月'!R81,5) | S81: =ROUND(#REF!+#REF!+#REF!+预安排!#REF!+#REF!+'6月'!S81,5) | T81: =ROUND(#REF!+#REF!+#REF!+预安排!#REF!+#REF!+'6月'!T81,5) | U81: =ROUND(#REF!+#REF!+#REF!+预安排!O86+#REF!+'6月'!U81,5) | V81: =ROUND(#REF!+#REF!+#REF!+预安排!P86+#REF!+'6月'!V81,5) | W81: =ROUND(#REF!+#REF!+#REF!+预安排!Q86+#REF!+'6月'!W81,5) | X81: =ROUND(#REF!+#REF!+#REF!+预安排!R86+#REF!+'6月'!X81,5) | Y81: =ROUND(#REF!+#REF!+#REF!+预安排!S86+#REF!+'6月'!Y81,5) | Z81: =ROUND(#REF!+#REF!+#REF!+预安排!#REF!+#REF!+'6月'!Z81,5) | AA81: =ROUND(#REF!+#REF!+#REF!+预安排!#REF!+#REF!+'6月'!AA81,5) | AB81: =ROUND(#REF!+#REF!+#REF!+预安排!#REF!+#REF!+'6月'!AB81,5) | AD81: 标 | AE81: Brand-Anonymized | AF81: 200 | AG81: =计划!O81-O81 | AH81: =ROUND(AG81/$AH$1,2)
B82: SKU-F2B0F984 | D82: 10 | L82: 100 | M82: Product-BB38CDED | N82: 1 | O82: =SUM(P82:AB82) | P82: =ROUND(#REF!+#REF!+#REF!+预安排!F87+#REF!+'6月'!P82,5) | Q82: =ROUND(#REF!+#REF!+#REF!+预安排!#REF!+#REF!+'6月'!Q82,5) | R82: =ROUND(#REF!+#REF!+#REF!+预安排!G87+#REF!+'6月'!R82,5) | S82: =ROUND(#REF!+#REF!+#REF!+预安排!#REF!+#REF!+'6月'!S82,5) | T82: =ROUND(#REF!+#REF!+#REF!+预安排!#REF!+#REF!+'6月'!T82,5) | U82: =ROUND(#REF!+#REF!+#REF!+预安排!O87+#REF!+'6月'!U82,5) | V82: =ROUND(#REF!+#REF!+#REF!+预安排!P87+#REF!+'6月'!V82,5) | W82: =ROUND(#REF!+#REF!+#REF!+预安排!Q87+#REF!+'6月'!W82,5) | X82: =ROUND(#REF!+#REF!+#REF!+预安排!R87+#REF!+'6月'!X82,5) | Y82: =ROUND(#REF!+#REF!+#REF!+预安排!S87+#REF!+'6月'!Y82,5) | Z82: =ROUND(#REF!+#REF!+#REF!+预安排!#REF!+#REF!+'6月'!Z82,5) | AA82: =ROUND(#REF!+#REF!+#REF!+预安排!#REF!+#REF!+'6月'!AA82,5) | AB82: =ROUND(#REF!+#REF!+#REF!+预安排!#REF!+#REF!+'6月'!AB82,5) | AC82: X | AD82: 标 | AE82: Brand-Anonymized | AF82: 200 | AG82: =计划!O82-O82 | AH82: =ROUND(AG82/$AH$1,2)
B83: 2 | M83: 海南小计 | O83: =SUM(O81:O82) | P83: =SUM(P81:P82) | Q83: =SUM(Q81:Q82) | R83: =SUM(R81:R82) | S83: =SUM(S81:S82) | T83: =SUM(T81:T82) | U83: =SUM(U81:U82) | V83: =SUM(V81:V82) | ... AC83: =SUM(AC81:AC82) | AG83: =计划!O83-O83 | AH83: =ROUND(AG83/$AH$1,2)
B84: 29 | M84: 中烟实业小计 | O84: =SUMIF($N$48:$N$83,">0",O48:O83) | P84: =SUMIF($N$48:$N$83,">0",P48:P83) | Q84: =SUMIF($N$48:$N$83,">0",Q48:Q83) | R84: =SUMIF($N$48:$N$83,">0",R48:R83) | S84: =SUMIF($N$48:$N$83,">0",S48:S83) | T84: =SUMIF($N$48:$N$83,">0",T48:T83) | U84: =SUMIF($N$48:$N$83,">0",U48:U83) | V84: =SUMIF($N$48:$N$83,">0",V48:V83) | ... AC84: =SUMIF($N$48:$N$83,">0",AC48:AC83) | AG84: =计划!O84-O84 | AH84: =ROUND(AG84/$AH$1,2)
A85: 江苏 | B85: SKU-8A01A251 | C85: 是 | D85: 11 | L85: 100 | M85: Product-E520A49A | N85: 2 | O85: =SUM(P85:AB85) | P85: =ROUND(#REF!+#REF!+#REF!+预安排!F90+#REF!+'6月'!P85,5) | Q85: =ROUND(#REF!+#REF!+#REF!+预安排!#REF!+#REF!+'6月'!Q85,5) | R85: =ROUND(#REF!+#REF!+#REF!+预安排!G90+#REF!+'6月'!R85,5) | S85: =ROUND(#REF!+#REF!+#REF!+预安排!#REF!+#REF!+'6月'!S85,5) | T85: =ROUND(#REF!+#REF!+#REF!+预安排!#REF!+#REF!+'6月'!T85,5) | U85: =ROUND(#REF!+#REF!+#REF!+预安排!O90+#REF!+'6月'!U85,5) | V85: =ROUND(#REF!+#REF!+#REF!+预安排!P90+#REF!+'6月'!V85,5) | W85: =ROUND(#REF!+#REF!+#REF!+预安排!Q90+#REF!+'6月'!W85,5) | X85: =ROUND(#REF!+#REF!+#REF!+预安排!R90+#REF!+'6月'!X85,5) | Y85: =ROUND(#REF!+#REF!+#REF!+预安排!S90+#REF!+'6月'!Y85,5) | Z85: =ROUND(#REF!+#REF!+#REF!+预安排!#REF!+#REF!+'6月'!Z85,5) | AA85: =ROUND(#REF!+#REF!+#REF!+预安排!#REF!+#REF!+'6月'!AA85,5) | AB85: =ROUND(#REF!+#REF!+#REF!+预安排!#REF!+#REF!+'6月'!AB85,5) | AE85: Brand-Anonymized | AF85: 200 | AG85: =计划!O85-O85 | AH85: =ROUND(AG85/$AH$1,2)
B86: SKU-F12BD851 | C86: 是 | D86: 11 | J86: 共 | L86: 100 | M86: Product-C8CC2E46 | N86: 2 | O86: =SUM(P86:AB86) | P86: =ROUND(#REF!+#REF!+#REF!+预安排!F91+#REF!+'6月'!P86,5) | Q86: =ROUND(#REF!+#REF!+#REF!+预安排!#REF!+#REF!+'6月'!Q86,5) | R86: =ROUND(#REF!+#REF!+#REF!+预安排!G91+#REF!+'6月'!R86,5) | S86: =ROUND(#REF!+#REF!+#REF!+预安排!#REF!+#REF!+'6月'!S86,5) | T86: =ROUND(#REF!+#REF!+#REF!+预安排!#REF!+#REF!+'6月'!T86,5) | U86: =ROUND(#REF!+#REF!+#REF!+预安排!O91+#REF!+'6月'!U86,5) | V86: =ROUND(#REF!+#REF!+#REF!+预安排!P91+#REF!+'6月'!V86,5) | W86: =ROUND(#REF!+#REF!+#REF!+预安排!Q91+#REF!+'6月'!W86,5) | X86: =ROUND(#REF!+#REF!+#REF!+预安排!R91+#REF!+'6月'!X86,5) | Y86: =ROUND(#REF!+#REF!+#REF!+预安排!S91+#REF!+'6月'!Y86,5) | Z86: =ROUND(#REF!+#REF!+#REF!+预安排!#REF!+#REF!+'6月'!Z86,5) | AA86: =ROUND(#REF!+#REF!+#REF!+预安排!#REF!+#REF!+'6月'!AA86,5) | AB86: =ROUND(#REF!+#REF!+#REF!+预安排!#REF!+#REF!+'6月'!AB86,5) | AE86: Brand-Anonymized | AF86: 200 | AG86: =计划!O86-O86 | AH86: =ROUND(AG86/$AH$1,2)
B87: SKU-FBC6A90A | C87: 是 | D87: 11 | L87: 100 | M87: Product-6215959E | N87: 1 | O87: =SUM(P87:AB87) | P87: =ROUND(#REF!+#REF!+#REF!+预安排!F92+#REF!+'6月'!P87,5) | Q87: =ROUND(#REF!+#REF!+#REF!+预安排!#REF!+#REF!+'6月'!Q87,5) | R87: =ROUND(#REF!+#REF!+#REF!+预安排!G92+#REF!+'6月'!R87,5) | S87: =ROUND(#REF!+#REF!+#REF!+预安排!#REF!+#REF!+'6月'!S87,5) | T87: =ROUND(#REF!+#REF!+#REF!+预安排!#REF!+#REF!+'6月'!T87,5) | U87: =ROUND(#REF!+#REF!+#REF!+预安排!O92+#REF!+'6月'!U87,5) | V87: =ROUND(#REF!+#REF!+#REF!+预安排!P92+#REF!+'6月'!V87,5) | W87: =ROUND(#REF!+#REF!+#REF!+预安排!Q92+#REF!+'6月'!W87,5) | X87: =ROUND(#REF!+#REF!+#REF!+预安排!R92+#REF!+'6月'!X87,5) | Y87: =ROUND(#REF!+#REF!+#REF!+预安排!S92+#REF!+'6月'!Y87,5) | Z87: =ROUND(#REF!+#REF!+#REF!+预安排!#REF!+#REF!+'6月'!Z87,5) | AA87: =ROUND(#REF!+#REF!+#REF!+预安排!#REF!+#REF!+'6月'!AA87,5) | AB87: =ROUND(#REF!+#REF!+#REF!+预安排!#REF!+#REF!+'6月'!AB87,5) | AD87: 标 | AE87: Brand-Anonymized | AF87: 200 | AG87: =计划!O87-O87 | AH87: =ROUND(AG87/$AH$1,2)
B88: SKU-8D50A17D | C88: 是 | D88: 5 | E88: 是 | I88: 是 | J88: 共 | L88: 100 | M88: Product-33956506 | N88: 1 | O88: =SUM(P88:AB88) | P88: =ROUND(#REF!+#REF!+#REF!+预安排!F93+#REF!+'6月'!P88,5) | Q88: =ROUND(#REF!+#REF!+#REF!+预安排!#REF!+#REF!+'6月'!Q88,5) | R88: =ROUND(#REF!+#REF!+#REF!+预安排!G93+#REF!+'6月'!R88,5) | S88: =ROUND(#REF!+#REF!+#REF!+预安排!#REF!+#REF!+'6月'!S88,5) | T88: =ROUND(#REF!+#REF!+#REF!+预安排!#REF!+#REF!+'6月'!T88,5) | U88: =ROUND(#REF!+#REF!+#REF!+预安排!O93+#REF!+'6月'!U88,5) | V88: =ROUND(#REF!+#REF!+#REF!+预安排!P93+#REF!+'6月'!V88,5) | W88: =ROUND(#REF!+#REF!+#REF!+预安排!Q93+#REF!+'6月'!W88,5) | X88: =ROUND(#REF!+#REF!+#REF!+预安排!R93+#REF!+'6月'!X88,5) | Y88: =ROUND(#REF!+#REF!+#REF!+预安排!S93+#REF!+'6月'!Y88,5) | Z88: =ROUND(#REF!+#REF!+#REF!+预安排!#REF!+#REF!+'6月'!Z88,5) | AA88: =ROUND(#REF!+#REF!+#REF!+预安排!#REF!+#REF!+'6月'!AA88,5) | AB88: =ROUND(#REF!+#REF!+#REF!+预安排!#REF!+#REF!+'6月'!AB88,5) | AC88: T | AD88: 细 | AE88: Brand-Anonymized | AF88: 200 | AG88: =计划!O88-O88 | AH88: =ROUND(AG88/$AH$1,2)
B89: SKU-685DD3D2 | C89: 是 | D89: 6 | E89: 是 | I89: 是 | J89: 共 | L89: 100 | M89: Product-F61FD83C | N89: 1 | O89: =SUM(P89:AB89) | P89: =ROUND(#REF!+#REF!+#REF!+预安排!F94+#REF!+'6月'!P89,5) | Q89: =ROUND(#REF!+#REF!+#REF!+预安排!#REF!+#REF!+'6月'!Q89,5) | R89: =ROUND(#REF!+#REF!+#REF!+预安排!G94+#REF!+'6月'!R89,5) | S89: =ROUND(#REF!+#REF!+#REF!+预安排!#REF!+#REF!+'6月'!S89,5) | T89: =ROUND(#REF!+#REF!+#REF!+预安排!#REF!+#REF!+'6月'!T89,5) | U89: =ROUND(#REF!+#REF!+#REF!+预安排!O94+#REF!+'6月'!U89,5) | V89: =ROUND(#REF!+#REF!+#REF!+预安排!P94+#REF!+'6月'!V89,5) | W89: =ROUND(#REF!+#REF!+#REF!+预安排!Q94+#REF!+'6月'!W89,5) | X89: =ROUND(#REF!+#REF!+#REF!+预安排!R94+#REF!+'6月'!X89,5) | Y89: =ROUND(#REF!+#REF!+#REF!+预安排!S94+#REF!+'6月'!Y89,5) | Z89: =ROUND(#REF!+#REF!+#REF!+预安排!#REF!+#REF!+'6月'!Z89,5) | AA89: =ROUND(#REF!+#REF!+#REF!+预安排!#REF!+#REF!+'6月'!AA89,5) | AB89: =ROUND(#REF!+#REF!+#REF!+预安排!#REF!+#REF!+'6月'!AB89,5) | AD89: 细 | AE89: Brand-Anonymized | AF89: 200 | AG89: =计划!O89-O89 | AH89: =ROUND(AG89/$AH$1,2)
B90: SKU-55E23DA5 | C90: 是 | D90: 8 | E90: 是 | I90: 是 | J90: 共 | L90: 100 | M90: Product-7D170E46 | N90: 2 | O90: =SUM(P90:AB90) | P90: =ROUND(#REF!+#REF!+#REF!+预安排!F95+#REF!+'6月'!P90,5) | Q90: =ROUND(#REF!+#REF!+#REF!+预安排!#REF!+#REF!+'6月'!Q90,5) | R90: =ROUND(#REF!+#REF!+#REF!+预安排!G95+#REF!+'6月'!R90,5) | S90: =ROUND(#REF!+#REF!+#REF!+预安排!#REF!+#REF!+'6月'!S90,5) | T90: =ROUND(#REF!+#REF!+#REF!+预安排!#REF!+#REF!+'6月'!T90,5) | U90: =ROUND(#REF!+#REF!+#REF!+预安排!O95+#REF!+'6月'!U90,5) | V90: =ROUND(#REF!+#REF!+#REF!+预安排!P95+#REF!+'6月'!V90,5) | W90: =ROUND(#REF!+#REF!+#REF!+预安排!Q95+#REF!+'6月'!W90,5) | X90: =ROUND(#REF!+#REF!+#REF!+预安排!R95+#REF!+'6月'!X90,5) | Y90: =ROUND(#REF!+#REF!+#REF!+预安排!S95+#REF!+'6月'!Y90,5) | Z90: =ROUND(#REF!+#REF!+#REF!+预安排!#REF!+#REF!+'6月'!Z90,5) | AA90: =ROUND(#REF!+#REF!+#REF!+预安排!#REF!+#REF!+'6月'!AA90,5) | AB90: =ROUND(#REF!+#REF!+#REF!+预安排!#REF!+#REF!+'6月'!AB90,5) | AD90: 细 | AE90: Brand-Anonymized | AF90: 200 | AG90: =计划!O90-O90 | AH90: =ROUND(AG90/$AH$1,2)
B91: SKU-07310B8A | C91: 是 | D91: 5 | E91: 是 | I91: 是 | J91: 共 | L91: 100 | M91: Product-9FF55A7C | N91: 1 | O91: =SUM(P91:AB91) | P91: =ROUND(#REF!+#REF!+#REF!+预安排!F96+#REF!+'6月'!P91,5) | Q91: =ROUND(#REF!+#REF!+#REF!+预安排!#REF!+#REF!+'6月'!Q91,5) | R91: =ROUND(#REF!+#REF!+#REF!+预安排!G96+#REF!+'6月'!R91,5) | S91: =ROUND(#REF!+#REF!+#REF!+预安排!#REF!+#REF!+'6月'!S91,5) | T91: =ROUND(#REF!+#REF!+#REF!+预安排!#REF!+#REF!+'6月'!T91,5) | U91: =ROUND(#REF!+#REF!+#REF!+预安排!O96+#REF!+'6月'!U91,5) | V91: =ROUND(#REF!+#REF!+#REF!+预安排!P96+#REF!+'6月'!V91,5) | W91: =ROUND(#REF!+#REF!+#REF!+预安排!Q96+#REF!+'6月'!W91,5) | X91: =ROUND(#REF!+#REF!+#REF!+预安排!R96+#REF!+'6月'!X91,5) | Y91: =ROUND(#REF!+#REF!+#REF!+预安排!S96+#REF!+'6月'!Y91,5) | Z91: =ROUND(#REF!+#REF!+#REF!+预安排!#REF!+#REF!+'6月'!Z91,5) | AA91: =ROUND(#REF!+#REF!+#REF!+预安排!#REF!+#REF!+'6月'!AA91,5) | AB91: =ROUND(#REF!+#REF!+#REF!+预安排!#REF!+#REF!+'6月'!AB91,5) | AC91: C | AD91: 方 | AE91: Brand-Anonymized | AF91: 200 | AG91: =计划!O91-O91 | AH91: =ROUND(AG91/$AH$1,2)
B92: SKU-8EBE1AD6 | C92: 是 | D92: 6 | E92: 是 | I92: 是 | L92: 100 | M92: Product-9A6C9779 | N92: 1 | O92: =SUM(P92:AB92) | P92: =ROUND(#REF!+#REF!+#REF!+预安排!F97+#REF!+'6月'!P92,5) | Q92: =ROUND(#REF!+#REF!+#REF!+预安排!#REF!+#REF!+'6月'!Q92,5) | R92: =ROUND(#REF!+#REF!+#REF!+预安排!G97+#REF!+'6月'!R92,5) | S92: =ROUND(#REF!+#REF!+#REF!+预安排!#REF!+#REF!+'6月'!S92,5) | T92: =ROUND(#REF!+#REF!+#REF!+预安排!#REF!+#REF!+'6月'!T92,5) | U92: =ROUND(#REF!+#REF!+#REF!+预安排!O97+#REF!+'6月'!U92,5) | V92: =ROUND(#REF!+#REF!+#REF!+预安排!P97+#REF!+'6月'!V92,5) | W92: =ROUND(#REF!+#REF!+#REF!+预安排!Q97+#REF!+'6月'!W92,5) | X92: =ROUND(#REF!+#REF!+#REF!+预安排!R97+#REF!+'6月'!X92,5) | Y92: =ROUND(#REF!+#REF!+#REF!+预安排!S97+#REF!+'6月'!Y92,5) | Z92: =ROUND(#REF!+#REF!+#REF!+预安排!#REF!+#REF!+'6月'!Z92,5) | AA92: =ROUND(#REF!+#REF!+#REF!+预安排!#REF!+#REF!+'6月'!AA92,5) | AB92: =ROUND(#REF!+#REF!+#REF!+预安排!#REF!+#REF!+'6月'!AB92,5) | AD92: 细 | AE92: Brand-Anonymized | AF92: 200 | AG92: =计划!O92-O92 | AH92: =ROUND(AG92/$AH$1,2)
B93: SKU-06D5C6B5 | C93: 是 | D93: 11 | J93: 共 | L93: 100 | M93: Product-79046E1F | N93: 1 | O93: =SUM(P93:AB93) | P93: =ROUND(#REF!+#REF!+#REF!+预安排!F98+#REF!+'6月'!P93,5) | Q93: =ROUND(#REF!+#REF!+#REF!+预安排!#REF!+#REF!+'6月'!Q93,5) | R93: =ROUND(#REF!+#REF!+#REF!+预安排!G98+#REF!+'6月'!R93,5) | S93: =ROUND(#REF!+#REF!+#REF!+预安排!#REF!+#REF!+'6月'!S93,5) | T93: =ROUND(#REF!+#REF!+#REF!+预安排!#REF!+#REF!+'6月'!T93,5) | U93: =ROUND(#REF!+#REF!+#REF!+预安排!O98+#REF!+'6月'!U93,5) | V93: =ROUND(#REF!+#REF!+#REF!+预安排!P98+#REF!+'6月'!V93,5) | W93: =ROUND(#REF!+#REF!+#REF!+预安排!Q98+#REF!+'6月'!W93,5) | X93: =ROUND(#REF!+#REF!+#REF!+预安排!R98+#REF!+'6月'!X93,5) | Y93: =ROUND(#REF!+#REF!+#REF!+预安排!S98+#REF!+'6月'!Y93,5) | Z93: =ROUND(#REF!+#REF!+#REF!+预安排!#REF!+#REF!+'6月'!Z93,5) | AA93: =ROUND(#REF!+#REF!+#REF!+预安排!#REF!+#REF!+'6月'!AA93,5) | AB93: =ROUND(#REF!+#REF!+#REF!+预安排!#REF!+#REF!+'6月'!AB93,5) | AC93: C | AD93: 标 | AE93: Brand-Anonymized | AF93: 200 | AG93: =计划!O93-O93 | AH93: =ROUND(AG93/$AH$1,2)
B94: SKU-0472D802 | C94: 是 | D94: 6 | E94: 是 | I94: 是 | L94: 100 | M94: Product-0EE8F563 | N94: 1 | O94: =SUM(P94:AB94) | P94: =ROUND(#REF!+#REF!+#REF!+预安排!F99+#REF!+'6月'!P94,5) | Q94: =ROUND(#REF!+#REF!+#REF!+预安排!#REF!+#REF!+'6月'!Q94,5) | R94: =ROUND(#REF!+#REF!+#REF!+预安排!G99+#REF!+'6月'!R94,5) | S94: =ROUND(#REF!+#REF!+#REF!+预安排!#REF!+#REF!+'6月'!S94,5) | T94: =ROUND(#REF!+#REF!+#REF!+预安排!#REF!+#REF!+'6月'!T94,5) | U94: =ROUND(#REF!+#REF!+#REF!+预安排!O99+#REF!+'6月'!U94,5) | V94: =ROUND(#REF!+#REF!+#REF!+预安排!P99+#REF!+'6月'!V94,5) | W94: =ROUND(#REF!+#REF!+#REF!+预安排!Q99+#REF!+'6月'!W94,5) | X94: =ROUND(#REF!+#REF!+#REF!+预安排!R99+#REF!+'6月'!X94,5) | Y94: =ROUND(#REF!+#REF!+#REF!+预安排!S99+#REF!+'6月'!Y94,5) | Z94: =ROUND(#REF!+#REF!+#REF!+预安排!#REF!+#REF!+'6月'!Z94,5) | AA94: =ROUND(#REF!+#REF!+#REF!+预安排!#REF!+#REF!+'6月'!AA94,5) | AB94: =ROUND(#REF!+#REF!+#REF!+预安排!#REF!+#REF!+'6月'!AB94,5) | AD94: 细 | AE94: Brand-Anonymized | AF94: 200 | AG94: =计划!O94-O94 | AH94: =ROUND(AG94/$AH$1,2)
B95: SKU-8992A5AF | C95: 是 | D95: 10 | L95: 100 | M95: Product-15073DAA | N95: 1 | O95: =SUM(P95:AB95) | P95: =ROUND(#REF!+#REF!+#REF!+预安排!F100+#REF!+'6月'!P95,5) | Q95: =ROUND(#REF!+#REF!+#REF!+预安排!#REF!+#REF!+'6月'!Q95,5) | R95: =ROUND(#REF!+#REF!+#REF!+预安排!G100+#REF!+'6月'!R95,5) | S95: =ROUND(#REF!+#REF!+#REF!+预安排!#REF!+#REF!+'6月'!S95,5) | T95: =ROUND(#REF!+#REF!+#REF!+预安排!#REF!+#REF!+'6月'!T95,5) | U95: =ROUND(#REF!+#REF!+#REF!+预安排!O100+#REF!+'6月'!U95,5) | V95: =ROUND(#REF!+#REF!+#REF!+预安排!P100+#REF!+'6月'!V95,5) | W95: =ROUND(#REF!+#REF!+#REF!+预安排!Q100+#REF!+'6月'!W95,5) | X95: =ROUND(#REF!+#REF!+#REF!+预安排!R100+#REF!+'6月'!X95,5) | Y95: =ROUND(#REF!+#REF!+#REF!+预安排!S100+#REF!+'6月'!Y95,5) | Z95: =ROUND(#REF!+#REF!+#REF!+预安排!#REF!+#REF!+'6月'!Z95,5) | AA95: =ROUND(#REF!+#REF!+#REF!+预安排!#REF!+#REF!+'6月'!AA95,5) | AB95: =ROUND(#REF!+#REF!+#REF!+预安排!#REF!+#REF!+'6月'!AB95,5) | AC95: X | AD95: 标 | AE95: Brand-Anonymized | AF95: 200 | AG95: =计划!O95-O95 | AH95: =ROUND(AG95/$AH$1,2)
B96: SKU-9DFEFE7F | C96: 是 | D96: 6 | E96: 是 | H96: 是 | I96: 是 | L96: 100 | M96: Product-14B419F6 | N96: 1 | O96: =SUM(P96:AB96) | P96: =ROUND(#REF!+#REF!+#REF!+预安排!F101+#REF!+'6月'!P96,5) | Q96: =ROUND(#REF!+#REF!+#REF!+预安排!#REF!+#REF!+'6月'!Q96,5) | R96: =ROUND(#REF!+#REF!+#REF!+预安排!G101+#REF!+'6月'!R96,5) | S96: =ROUND(#REF!+#REF!+#REF!+预安排!#REF!+#REF!+'6月'!S96,5) | T96: =ROUND(#REF!+#REF!+#REF!+预安排!#REF!+#REF!+'6月'!T96,5) | U96: =ROUND(#REF!+#REF!+#REF!+预安排!O101+#REF!+'6月'!U96,5) | V96: =ROUND(#REF!+#REF!+#REF!+预安排!P101+#REF!+'6月'!V96,5) | W96: =ROUND(#REF!+#REF!+#REF!+预安排!Q101+#REF!+'6月'!W96,5) | X96: =ROUND(#REF!+#REF!+#REF!+预安排!R101+#REF!+'6月'!X96,5) | Y96: =ROUND(#REF!+#REF!+#REF!+预安排!S101+#REF!+'6月'!Y96,5) | Z96: =ROUND(#REF!+#REF!+#REF!+预安排!#REF!+#REF!+'6月'!Z96,5) | AA96: =ROUND(#REF!+#REF!+#REF!+预安排!#REF!+#REF!+'6月'!AA96,5) | AB96: =ROUND(#REF!+#REF!+#REF!+预安排!#REF!+#REF!+'6月'!AB96,5) | AC96: X | AD96: 细 | AE96: Brand-Anonymized | AF96: 200 | AG96: =计划!O96-O96 | AH96: =ROUND(AG96/$AH$1,2)
B97: SKU-707B6E8A | C97: 是 | D97: 3 | E97: 是 | I97: 是 | L97: 100 | M97: Product-069A5966 | N97: 1 | O97: =SUM(P97:AB97) | P97: =ROUND(#REF!+#REF!+#REF!+预安排!F102+#REF!+'6月'!P97,5) | Q97: =ROUND(#REF!+#REF!+#REF!+预安排!#REF!+#REF!+'6月'!Q97,5) | R97: =ROUND(#REF!+#REF!+#REF!+预安排!G102+#REF!+'6月'!R97,5) | S97: =ROUND(#REF!+#REF!+#REF!+预安排!#REF!+#REF!+'6月'!S97,5) | T97: =ROUND(#REF!+#REF!+#REF!+预安排!#REF!+#REF!+'6月'!T97,5) | U97: =ROUND(#REF!+#REF!+#REF!+预安排!O102+#REF!+'6月'!U97,5) | V97: =ROUND(#REF!+#REF!+#REF!+预安排!P102+#REF!+'6月'!V97,5) | W97: =ROUND(#REF!+#REF!+#REF!+预安排!Q102+#REF!+'6月'!W97,5) | X97: =ROUND(#REF!+#REF!+#REF!+预安排!R102+#REF!+'6月'!X97,5) | Y97: =ROUND(#REF!+#REF!+#REF!+预安排!S102+#REF!+'6月'!Y97,5) | Z97: =ROUND(#REF!+#REF!+#REF!+预安排!#REF!+#REF!+'6月'!Z97,5) | AA97: =ROUND(#REF!+#REF!+#REF!+预安排!#REF!+#REF!+'6月'!AA97,5) | AB97: =ROUND(#REF!+#REF!+#REF!+预安排!#REF!+#REF!+'6月'!AB97,5) | AC97: X | AD97: 标 | AE97: Brand-Anonymized | AF97: 200 | AG97: =计划!O97-O97 | AH97: =ROUND(AG97/$AH$1,2)
B98: SKU-5969B13C | C98: 是 | D98: 11 | J98: 共 | L98: 100 | M98: Product-D41D58A6 | N98: 1 | O98: =SUM(P98:AB98) | P98: =ROUND(#REF!+#REF!+#REF!+预安排!F103+#REF!+'6月'!P98,5) | Q98: =ROUND(#REF!+#REF!+#REF!+预安排!#REF!+#REF!+'6月'!Q98,5) | R98: =ROUND(#REF!+#REF!+#REF!+预安排!G103+#REF!+'6月'!R98,5) | S98: =ROUND(#REF!+#REF!+#REF!+预安排!#REF!+#REF!+'6月'!S98,5) | T98: =ROUND(#REF!+#REF!+#REF!+预安排!#REF!+#REF!+'6月'!T98,5) | U98: =ROUND(#REF!+#REF!+#REF!+预安排!O103+#REF!+'6月'!U98,5) | V98: =ROUND(#REF!+#REF!+#REF!+预安排!P103+#REF!+'6月'!V98,5) | W98: =ROUND(#REF!+#REF!+#REF!+预安排!Q103+#REF!+'6月'!W98,5) | X98: =ROUND(#REF!+#REF!+#REF!+预安排!R103+#REF!+'6月'!X98,5) | Y98: =ROUND(#REF!+#REF!+#REF!+预安排!S103+#REF!+'6月'!Y98,5) | Z98: =ROUND(#REF!+#REF!+#REF!+预安排!#REF!+#REF!+'6月'!Z98,5) | AA98: =ROUND(#REF!+#REF!+#REF!+预安排!#REF!+#REF!+'6月'!AA98,5) | AB98: =ROUND(#REF!+#REF!+#REF!+预安排!#REF!+#REF!+'6月'!AB98,5) | AC98: T | AE98: Brand-Anonymized | AF98: 200 | AG98: =计划!O98-O98 | AH98: =ROUND(AG98/$AH$1,2)
B99: SKU-54FF462C | C99: 是 | D99: 11 | J99: 共 | L99: 100 | M99: Product-61A907C6 | N99: 1 | O99: =SUM(P99:AB99) | P99: =ROUND(#REF!+#REF!+#REF!+预安排!F104+#REF!+'6月'!P99,5) | Q99: =ROUND(#REF!+#REF!+#REF!+预安排!#REF!+#REF!+'6月'!Q99,5) | R99: =ROUND(#REF!+#REF!+#REF!+预安排!G104+#REF!+'6月'!R99,5) | S99: =ROUND(#REF!+#REF!+#REF!+预安排!#REF!+#REF!+'6月'!S99,5) | T99: =ROUND(#REF!+#REF!+#REF!+预安排!#REF!+#REF!+'6月'!T99,5) | U99: =ROUND(#REF!+#REF!+#REF!+预安排!O104+#REF!+'6月'!U99,5) | V99: =ROUND(#REF!+#REF!+#REF!+预安排!P104+#REF!+'6月'!V99,5) | W99: =ROUND(#REF!+#REF!+#REF!+预安排!Q104+#REF!+'6月'!W99,5) | X99: =ROUND(#REF!+#REF!+#REF!+预安排!R104+#REF!+'6月'!X99,5) | Y99: =ROUND(#REF!+#REF!+#REF!+预安排!S104+#REF!+'6月'!Y99,5) | Z99: =ROUND(#REF!+#REF!+#REF!+预安排!#REF!+#REF!+'6月'!Z99,5) | AA99: =ROUND(#REF!+#REF!+#REF!+预安排!#REF!+#REF!+'6月'!AA99,5) | AB99: =ROUND(#REF!+#REF!+#REF!+预安排!#REF!+#REF!+'6月'!AB99,5) | AE99: Brand-Anonymized | AF99: 200 | AG99: =计划!O99-O99 | AH99: =ROUND(AG99/$AH$1,2)
B100: SKU-124FFA8F | C100: 是 | D100: 8 | F100: 是 | I100: 是 | L100: 100 | M100: Product-D911580D | N100: 1 | O100: =SUM(P100:AB100) | P100: =ROUND(#REF!+#REF!+#REF!+预安排!F105+#REF!+'6月'!P100,5) | Q100: =ROUND(#REF!+#REF!+#REF!+预安排!#REF!+#REF!+'6月'!Q100,5) | R100: =ROUND(#REF!+#REF!+#REF!+预安排!G105+#REF!+'6月'!R100,5) | S100: =ROUND(#REF!+#REF!+#REF!+预安排!#REF!+#REF!+'6月'!S100,5) | T100: =ROUND(#REF!+#REF!+#REF!+预安排!#REF!+#REF!+'6月'!T100,5) | U100: =ROUND(#REF!+#REF!+#REF!+预安排!O105+#REF!+'6月'!U100,5) | V100: =ROUND(#REF!+#REF!+#REF!+预安排!P105+#REF!+'6月'!V100,5) | W100: =ROUND(#REF!+#REF!+#REF!+预安排!Q105+#REF!+'6月'!W100,5) | X100: =ROUND(#REF!+#REF!+#REF!+预安排!R105+#REF!+'6月'!X100,5) | Y100: =ROUND(#REF!+#REF!+#REF!+预安排!S105+#REF!+'6月'!Y100,5) | Z100: =ROUND(#REF!+#REF!+#REF!+预安排!#REF!+#REF!+'6月'!Z100,5) | AA100: =ROUND(#REF!+#REF!+#REF!+预安排!#REF!+#REF!+'6月'!AA100,5) | AB100: =ROUND(#REF!+#REF!+#REF!+预安排!#REF!+#REF!+'6月'!AB100,5) | AE100: Brand-Anonymized | AF100: 200 | AG100: =计划!O100-O100 | AH100: =ROUND(AG100/$AH$1,2)
...

Sheet 计划
M1: 2025年上
A2: 工业 | B2: 代码 | C2: 重 | D2: 焦 | E2: 细 | F2: 中 | G2: 短 | H2: 爆 | I2: 创 | J2: 共 | K2: 混 | L2: 批发价 | M2: 卷烟名称 | N2: 类 | O2: 合计 | P2: 一分 | Q2: 二分 | R2: 三分 | S2: 东丽 | T2: 西青 | U2: 津南 | V2: 北辰 | W2: 滨海 | X2: 武清 | Y2: 宝坻 | Z2: 蓟州 | AA2: 静海 | AB2: 宁河 | AC2: 属 | AD2: C类 | AE2: 品牌 | AF2: 条支比
A3: 上海 | B3: SKU-C78CA26A | C3: 是 | D3: 8 | K3: 是 | L3: 100 | M3: Product-0CBDA773 | N3: 3 | O3: =SUM(P3:AB3) | P3: 37.4 | Q3: 322.5 | R3: 199.2 | S3: 68.5 | T3: 49.8 | U3: 24.9 | V3: 67.2 | W3: 74.9 | X3: 105.8 | Y3: 92.6 | Z3: 53.5 | AA3: 146.4 | AB3: 57.3 | AE3: Brand-Anonymized | AF3: 200
B4: SKU-FEFFF06B | C4: 是 | D4: 5 | K4: 是 | L4: 100 | M4: Product-2824E2BD | N4: 2 | O4: =SUM(P4:AB4) | P4: 6 | Q4: 10 | R4: 15 | S4: 30 | T4: 18 | U4: 6 | V4: 10 | W4: 6 | X4: 29 | Y4: 27 | Z4: 3 | AA4: 6 | AB4: 4 | AC4: T | AE4: Brand-Anonymized | AF4: 200
B5: SKU-2866FD1A | C5: 是 | D5: 8 | K5: 是 | L5: 100 | M5: Product-B05D24B5 | N5: 3 | O5: =SUM(P5:AB5) | P5: 10 | Q5: 20 | R5: 15 | S5: 25 | T5: 13 | U5: 1 | V5: 4 | W5: 2 | X5: 10.1 | Y5: 0 | Z5: 2 | AA5: 34.6 | AB5: 1 | AE5: Brand-Anonymized | AF5: 200
B6: SKU-0260B714 | C6: 是 | D6: 5 | K6: 是 | L6: 100 | M6: Product-9FA41960 | N6: 2 | O6: =SUM(P6:AB6) | P6: 0 | Q6: 0 | R6: 0 | S6: 0 | T6: 0 | U6: 0 | V6: 0 | W6: 0 | X6: 0 | Y6: 0 | Z6: 0 | AA6: 0 | AB6: 0 | AE6: Brand-Anonymized | AF6: 200
B7: SKU-80DD304E | C7: 是 | D7: 5 | F7: 是 | I7: 是 | K7: 是 | L7: 100 | M7: Product-104B7147 | N7: 2 | O7: =SUM(P7:AB7) | P7: 14 | Q7: 16.7 | R7: 16.4 | S7: 8 | T7: 9.8 | U7: 8 | V7: 7.8 | W7: 22.1 | X7: 13 | Y7: 9.3 | Z7: 10.2 | AA7: 8.7 | AB7: 6 | AC7: C | AD7: 标 | AE7: Brand-Anonymized | AF7: 200
B8: SKU-1DE29866 | C8: 是 | D8: 5 | F8: 是 | H8: 是 | I8: 是 | K8: 是 | L8: 100 | M8: Product-F23B59C1 | N8: 1 | O8: =SUM(P8:AB8) | P8: 29 | Q8: 34.5 | R8: 33.9 | S8: 16.5 | T8: 20.2 | U8: 16.5 | V8: 16.2 | W8: 45.7 | X8: 26.8 | Y8: 19.3 | Z8: 21 | AA8: 17.9 | AB8: 12.5 | AC8: X | AD8: 标 | AE8: Brand-Anonymized | AF8: 200
B9: 6 | M9: 北京小计 | O9: =SUM(O3:O8) | P9: 96.4 | Q9: 403.7 | R9: 279.5 | S9: 148 | T9: 110.8 | U9: 56.4 | V9: 105.2 | W9: 150.7 | X9: 184.7 | Y9: 148.2 | Z9: 89.7 | AA9: 213.6 | AB9: 80.8 | AC9: =SUM(AC3:AC8)
B10: SKU-D208A1F4 | D10: 9 | L10: 100 | M10: Product-DE70A72E | N10: 3 | O10: =SUM(P10:AB10) | P10: 469 | Q10: 457 | R10: 494 | S10: 266 | T10: 307 | U10: 304 | V10: 228 | W10: 717 | X10: 539 | Y10: 361 | Z10: 365 | AA10: 353 | AB10: 310 | AC10: T | AE10: Brand-Anonymized | AF10: 200
B11: SKU-07FCDFBC | D11: 10 | G11: 是 | I11: 是 | L11: 100 | M11: Product-7A1FEE2B | N11: 1 | O11: =SUM(P11:AB11) | P11: 0 | Q11: 0 | R11: 0 | S11: 0 | T11: 0 | U11: 0 | V11: 0 | W11: 0 | X11: 0 | Y11: 0 | Z11: 0 | AA11: 0 | AB11: 0 | AD11: 标 | AE11: Brand-Anonymized | AF11: 200
B12: SKU-F24DC4CC | D12: 10 | L12: 100 | M12: Product-3F617BC6 | N12: 1 | O12: =SUM(P12:AB12) | P12: 0 | Q12: 0 | R12: 0 | S12: 0 | T12: 0 | U12: 0 | V12: 0 | W12: 0 | X12: 0 | Y12: 0 | Z12: 0 | AA12: 0 | AB12: 0 | AD12: 方 | AE12: Brand-Anonymized | AF12: 200
B13: SKU-D943D84F | D13: 10 | L13: 100 | M13: Product-9C089579 | N13: 1 | O13: =SUM(P13:AB13) | P13: 0 | Q13: 0 | R13: 0 | S13: 0 | T13: 0 | U13: 0 | V13: 0 | W13: 0 | X13: 0 | Y13: 0 | Z13: 0 | AA13: 0 | AB13: 0 | AE13: Brand-Anonymized | AF13: 200
B14: SKU-6D9E63BD | D14: 8 | F14: 是 | I14: 是 | L14: 100 | M14: Product-BC499EF2 | N14: 1 | O14: =SUM(P14:AB14) | P14: 36.5 | Q14: 43.4 | R14: 42.6 | S14: 20.7 | T14: 25.4 | U14: 20.8 | V14: 20.3 | W14: 57.8 | X14: 33.7 | Y14: 24.2 | Z14: 26.4 | AA14: 22.5 | AB14: 15.7 | AC14: C | AD14: 方 | AE14: Brand-Anonymized | AF14: 200
B15: SKU-01FF2431 | D15: 8 | F15: 是 | I15: 是 | L15: 100 | M15: Product-C54A353F | N15: 1 | O15: =SUM(P15:AB15) | P15: 61.8 | Q15: 73.4 | R15: 72.1 | S15: 35.1 | T15: 43 | U15: 35.1 | V15: 34.4 | W15: 97.5 | X15: 57.1 | Y15: 41 | Z15: 44.7 | AA15: 38.2 | AB15: 26.6 | AC15: C | AD15: 标 | AE15: Brand-Anonymized | AF15: 200
B16: SKU-8916FAEC | D16: 8 | F16: 是 | I16: 是 | J16: 共 | L16: 100 | M16: Product-558A622A | N16: 1 | O16: =SUM(P16:AB16) | P16: 374.5 | Q16: 444.9 | R16: 436.9 | S16: 212.7 | T16: 256.9 | U16: 212.9 | V16: 208.5 | W16: 591.1 | X16: 345.8 | Y16: 248.6 | Z16: 271.2 | AA16: 231.3 | AB16: 160.9 | AC16: C | AD16: 长 | AE16: Brand-Anonymized | AF16: 200
B17: SKU-13F48E9F | D17: 8 | F17: 是 | I17: 是 | L17: 100 | M17: Product-9B1626A5 | N17: 1 | O17: =SUM(P17:AB17) | P17: 56.2 | Q17: 66.7 | R17: 65.5 | S17: 31.9 | T17: 39.1 | U17: 31.9 | V17: 31.3 | W17: 88.7 | X17: 51.9 | Y17: 37.3 | Z17: 40.7 | AA17: 34.7 | AB17: 24.1 | AC17: C | AD17: 长 | AE17: Brand-Anonymized | AF17: 200
B18: SKU-84735B62 | C18: 是 | D18: 10 | L18: 100 | M18: Product-61AE19F7 | N18: 3 | O18: =SUM(P18:AB18) | P18: 2176 | Q18: 2428 | R18: 2624 | S18: 1122 | T18: 905 | U18: 830 | V18: 760 | W18: 2782 | X18: 680 | Y18: 826 | Z18: 1009 | AA18: 564 | AB18: 674 | AC18: T | AE18: Brand-Anonymized | AF18: 200
B19: SKU-9356910A | C19: 是 | D19: 11 | L19: 100 | M19: Product-1433AC24 | N19: 2 | O19: =SUM(P19:AB19) | P19: 337 | Q19: 316 | R19: 316 | S19: 148 | T19: 139 | U19: 97 | V19: 112 | W19: 272 | X19: 43 | Y19: 15 | Z19: 119 | AA19: 20 | AB19: 66 | AC19: T | AE19: Brand-Anonymized | AF19: 200
B20: SKU-A1C9F3C5 | C20: 是 | D20: 10 | J20: 共 | L20: 100 | M20: Product-A7F669A5 | N20: 2 | O20: =SUM(P20:AB20) | P20: 314 | Q20: 328 | R20: 383 | S20: 58 | T20: 161 | U20: 68 | V20: 403 | W20: 704 | X20: 27 | Y20: 86 | Z20: 124 | AA20: 133 | AB20: 131 | AC20: T | AE20: Brand-Anonymized | AF20: 200
B21: SKU-9FED3CD7 | C21: 是 | D21: 6 | E21: 是 | I21: 是 | L21: 100 | M21: Product-80F515FA | N21: 1 | O21: =SUM(P21:AB21) | P21: 0 | Q21: 0 | R21: 0 | S21: 0 | T21: 0 | U21: 0 | V21: 0 | W21: 0 | X21: 0 | Y21: 0 | Z21: 0 | AA21: 0 | AB21: 0 | AD21: 方 | AE21: Brand-Anonymized | AF21: 200
B22: SKU-D2D4FD85 | C22: 是 | D22: 8 | E22: 是 | I22: 是 | L22: 100 | M22: Product-D1D130D9 | N22: 1 | O22: =SUM(P22:AB22) | P22: 0 | Q22: 0 | R22: 0 | S22: 0 | T22: 0 | U22: 0 | V22: 0 | W22: 0 | X22: 0 | Y22: 0 | Z22: 0 | AA22: 0 | AB22: 0 | AE22: Brand-Anonymized | AF22: 200
B23: SKU-2324D87D | C23: 是 | D23: 9 | F23: 是 | I23: 是 | L23: 100 | M23: Product-142947AA | N23: 1 | O23: =SUM(P23:AB23) | P23: 19.2 | Q23: 22.8 | R23: 22.4 | S23: 10.9 | T23: 13.4 | U23: 10.9 | V23: 10.7 | W23: 30.3 | X23: 17.7 | Y23: 12.7 | Z23: 13.9 | AA23: 11.9 | AB23: 8.2 | AC23: C | AD23: 长 | AE23: Brand-Anonymized | AF23: 200
B24: SKU-D3A8D0D1 | C24: 是 | D24: 9 | F24: 是 | I24: 是 | L24: 100 | M24: Product-B80128BB | N24: 1 | O24: =SUM(P24:AB24) | P24: 21.6 | Q24: 25.6 | R24: 25.2 | S24: 12.3 | T24: 15 | U24: 12.3 | V24: 12 | W24: 33.7 | X24: 19.9 | Y24: 14.3 | Z24: 15.6 | AA24: 13.3 | AB24: 9.2 | AC24: X | AD24: 长 | AE24: Brand-Anonymized | AF24: 200
B25: SKU-55B49425 | C25: 是 | D25: 11 | J25: 共 | L25: 100 | M25: Product-2E005B6F | N25: 1 | O25: =SUM(P25:AB25) | P25: 800 | Q25: 1024 | R25: 1005 | S25: 480 | T25: 588 | U25: 451 | V25: 471 | W25: 1276 | X25: 750 | Y25: 561 | Z25: 565 | AA25: 522 | AB25: 298 | AC25: T | AE25: Brand-Anonymized | AF25: 200
B26: SKU-7E7C0C23 | C26: 是 | D26: 11 | J26: 共 | L26: 100 | M26: Product-8C5BA899 | N26: 1 | O26: =SUM(P26:AB26) | P26: 287.4 | Q26: 362.8 | R26: 334.8 | S26: 160.3 | T26: 196.3 | U26: 160.3 | V26: 156.5 | W26: 453.4 | X26: 259.9 | Y26: 186.8 | Z26: 203.9 | AA26: 173.6 | AB26: 100 | AC26: T | AE26: Brand-Anonymized | AF26: 200
B27: SKU-581048FF | C27: 是 | D27: 11 | L27: 100 | M27: Product-9C9F0DD0 | N27: 1 | O27: =SUM(P27:AB27) | P27: 14.4 | Q27: 17 | R27: 16.7 | S27: 8.2 | T27: 10 | U27: 8.2 | V27: 7.9 | W27: 22.4 | X27: 13.2 | Y27: 9.5 | Z27: 10.4 | AA27: 8.9 | AB27: 6.2 | AC27: C | AD27: 方 | AE27: Brand-Anonymized | AF27: 200
B28: SKU-1943C75B | C28: 是 | D28: 10 | F28: 是 | I28: 是 | J28: 共 | L28: 100 | M28: Product-62BC29B7 | N28: 1 | O28: =SUM(P28:AB28) | P28: 31.5 | Q28: 37.4 | R28: 36.7 | S28: 17.9 | T28: 21.9 | U28: 17.9 | V28: 17.5 | W28: 49.6 | X28: 29 | Y28: 20.9 | Z28: 22.8 | AA28: 19.4 | AB28: 13.5 | AC28: C | AD28: 方 | AE28: Brand-Anonymized | AF28: 200
B29: SKU-51C641E5 | C29: 是 | D29: 10 | F29: 是 | I29: 是 | J29: 共 | L29: 100 | M29: Product-4CA63C06 | N29: 1 | O29: =SUM(P29:AB29) | P29: 264.5 | Q29: 315.1 | R29: 308.6 | S29: 150.6 | T29: 184.6 | U29: 150.6 | V29: 147.9 | W29: 418.1 | X29: 244.3 | Y29: 175.4 | Z29: 192 | AA29: 163.5 | AB29: 114.8 | AC29: T | AD29: 长 | AE29: Brand-Anonymized | AF29: 200
B30: SKU-740A9334 | C30: 是 | D30: 10 | G30: 是 | I30: 是 | L30: 100 | M30: Product-7726A962 | N30: 1 | O30: =SUM(P30:AB30) | P30: 0 | Q30: 0 | R30: 0 | S30: 0 | T30: 0 | U30: 0 | V30: 0 | W30: 0 | X30: 0 | Y30: 0 | Z30: 0 | AA30: 0 | AB30: 0 | AD30: 方 | AE30: Brand-Anonymized | AF30: 200
B31: SKU-ABAD8823 | C31: 是 | D31: 8 | E31: 是 | I31: 是 | J31: 共 | L31: 100 | M31: Product-342D1F0D | N31: 1 | O31: =SUM(P31:AB31) | P31: 40.7 | Q31: 48.4 | R31: 47.5 | S31: 23.2 | T31: 28.4 | U31: 23.2 | V31: 22.7 | W31: 64.1 | X31: 37.6 | Y31: 27.1 | Z31: 29.5 | AA31: 25.1 | AB31: 17.5 | AC31: C | AD31: 细 | AE31: Brand-Anonymized | AF31: 200
B32: SKU-CD40403A | C32: 是 | D32: 8 | E32: 是 | I32: 是 | J32: 共 | L32: 100 | M32: Product-D6D3CCE6 | N32: 1 | O32: =SUM(P32:AB32) | P32: 3 | Q32: 4.4 | R32: 2.4 | S32: 2.1 | T32: 2.6 | U32: 2.1 | V32: 2.1 | W32: 6 | X32: 3.5 | Y32: 2.5 | Z32: 2.7 | AA32: 2.3 | AB32: 1.6 | AC32: C | AD32: 标 | AE32: Brand-Anonymized | AF32: 200
B33: SKU-B0D292B1 | C33: 是 | D33: 10 | G33: 是 | I33: 是 | L33: 100 | M33: Product-7726A962 | N33: 1 | O33: =SUM(P33:AB33) | P33: 1.2 | Q33: 1.4 | R33: 1.4 | S33: 0.7 | T33: 0.8 | U33: 0.7 | V33: 0.7 | W33: 2 | X33: 1.1 | Y33: 0.8 | Z33: 0.9 | AA33: 0.8 | AB33: 0.5 | AC33: X | AD33: 标 | AE33: Brand-Anonymized | AF33: 200
B34: SKU-D5FB4C4D | D34: 10 | L34: 100 | M34: Product-3DCEC0C0 | N34: 1 | O34: =SUM(P34:AB34) | P34: 0 | Q34: 0 | R34: 0 | S34: 0 | T34: 0 | U34: 0 | V34: 0 | W34: 0 | X34: 0 | Y34: 0 | Z34: 0 | AA34: 0 | AB34: 0 | AD34: 标 | AE34: Brand-Anonymized | AF34: 200
B35: SKU-DCF98B33 | D35: 10 | L35: 100 | M35: Product-3DCEC0C0 | N35: 1 | O35: =SUM(P35:AB35) | P35: 2.7 | Q35: 3.2 | R35: 3.2 | S35: 1.5 | T35: 1.9 | U35: 1.5 | V35: 1.5 | W35: 4.3 | X35: 2.5 | Y35: 1.8 | Z35: 2 | AA35: 1.7 | AB35: 1.2 | AC35: X | AD35: 标 | AE35: Brand-Anonymized | AF35: 200
B36: SKU-7ECD2FA6 | D36: 10 | F36: 是 | I36: 是 | L36: 100 | M36: Product-29355C79 | N36: 1 | O36: =SUM(P36:AB36) | P36: 0.5 | Q36: 0.6 | R36: 0.5 | S36: 0.3 | T36: 0.3 | U36: 0.3 | V36: 0.3 | W36: 0.7 | X36: 0.4 | Y36: 0.3 | Z36: 0.3 | AA36: 0.3 | AB36: 0.2 | AC36: X | AE36: Brand-Anonymized | AF36: 200
B37: 27 | M37: 津沪小计 | O37: =SUM(O10:O36) | P37: 5311.7 | Q37: 6020.1 | R37: 6238.5 | S37: 2762.4 | T37: 2939.6 | U37: 2438.7 | V37: 2648.3 | W37: 7670.7 | X37: 3156.6 | Y37: 2652.2 | Z37: 3059 | AA37: 2339.5 | AB37: 1979.2 | AC37: =SUM(AC10:AC36)
B38: 33 | M38: 上海小计 | O38: =O9+O37 | P38: 5408.1 | Q38: 6423.8 | R38: 6518 | S38: 2910.4 | T38: 3050.4 | U38: 2495.1 | V38: 2753.5 | W38: 7821.4 | X38: 3341.3 | Y38: 2800.4 | Z38: 3148.7 | AA38: 2553.1 | AB38: 2060 | AC38: =AC9+AC37
A39: 河北 | B39: SKU-3095C758 | C39: 是 | D39: 11 | L39: 100 | M39: Product-280802D6 | N39: 4 | O39: =SUM(P39:AB39) | P39: 616 | Q39: 599 | R39: 649 | S39: 349 | T39: 403 | U39: 399 | V39: 299 | W39: 942 | X39: 708 | Y39: 474 | Z39: 480 | AA39: 465 | AB39: 407 | AC39: T | AE39: Brand-Anonymized | AF39: 200
B40: SKU-22512FF3 | C40: 是 | D40: 10 | J40: 共 | L40: 100 | M40: Product-C617F7D2 | N40: 1 | O40: =SUM(P40:AB40) | P40: 468.2 | Q40: 556.1 | R40: 546.1 | S40: 265.9 | T40: 325.9 | U40: 266.1 | V40: 260.6 | W40: 739 | X40: 432.2 | Y40: 310.7 | Z40: 339 | AA40: 289.1 | AB40: 201.1 | AC40: C | AE40: Brand-Anonymized | AF40: 200
B41: SKU-8B1D5EF6 | C41: 是 | D41: 6 | E41: 是 | I41: 是 | J41: 共 | L41: 100 | M41: Product-C0E4574A | N41: 1 | O41: =SUM(P41:AB41) | P41: 46.8 | Q41: 55.6 | R41: 54.6 | S41: 26.6 | T41: 32.6 | U41: 26.6 | V41: 26.1 | W41: 73.9 | X41: 43.2 | Y41: 31.1 | Z41: 33.9 | AA41: 28.9 | AB41: 20.1 | AC41: C | AD41: 标 | AE41: Brand-Anonymized | AF41: 200
B42: SKU-8BA825B6 | C42: 是 | D42: 10 | L42: 100 | M42: Product-E7EC78F7 | N42: 1 | O42: =SUM(P42:AB42) | P42: 84.3 | Q42: 100.1 | R42: 98.3 | S42: 47.9 | T42: 58.7 | U42: 47.9 | V42: 46.9 | W42: 133 | X42: 77.8 | Y42: 55.9 | Z42: 61 | AA42: 52 | AB42: 36.2 | AC42: C | AD42: 标 | AE42: Brand-Anonymized | AF42: 200
B43: SKU-DBE8D847 | C43: 是 | D43: 8 | E43: 是 | I43: 是 | L43: 100 | M43: Product-31FC13CA | N43: 2 | O43: =SUM(P43:AB43) | P43: 5 | Q43: 52 | R43: 40 | S43: 15 | T43: 70 | U43: 9 | V43: 13 | W43: 40 | X43: 18.9 | Y43: 5 | Z43: 6 | AA43: 3 | AB43: 4 | AD43: 细 | AE43: Brand-Anonymized | AF43: 200
B44: SKU-993415A4 | C44: 是 | D44: 10 | L44: 100 | M44: Product-914BA5F4 | N44: 3 | O44: =SUM(P44:AB44) | P44: 5 | Q44: 46 | R44: 25 | S44: 10 | T44: 20 | U44: 9.5 | V44: 2 | W44: 32 | X44: 7.1 | Y44: 5 | Z44: 10 | AA44: 3 | AB44: 15 | AE44: Brand-Anonymized | AF44: 200
B45: SKU-D86E9747 | C45: 是 | D45: 9 | F45: 是 | I45: 是 | L45: 100 | M45: Product-FF4227EA | N45: 1 | O45: =SUM(P45:AB45) | P45: 0 | Q45: 0 | R45: 0 | S45: 0 | T45: 0 | U45: 0 | V45: 0 | W45: 0 | X45: 0 | Y45: 0 | Z45: 0 | AA45: 0 | AB45: 0 | AE45: Brand-Anonymized | AF45: 200
B46: SKU-7CB9F294 | C46: 是 | D46: 7 | E46: 是 | I46: 是 | L46: 100 | M46: Product-1F3A5A4E | N46: 1 | O46: =SUM(P46:AB46) | P46: 1.4 | Q46: 1.7 | R46: 1.6 | S46: 0.8 | T46: 1 | U46: 0.8 | V46: 0.8 | W46: 2.2 | X46: 1.3 | Y46: 0.9 | Z46: 1 | AA46: 0.9 | AB46: 0.6 | AC46: X | AE46: Brand-Anonymized | AF46: 200
B47: 8 | M47: 河北小计 | O47: =SUM(O39:O46) | P47: 1226.7 | Q47: 1410.5 | R47: 1414.6 | S47: 715.2 | T47: 911.2 | U47: 758.9 | V47: 648.4 | W47: 1962.1 | X47: 1288.5 | Y47: 882.6 | Z47: 930.9 | AA47: 841.9 | AB47: 684 | AC47: =SUM(AC39:AC46)
A48: 辽宁 | B48: SKU-4BF6BE09 | C48: 是 | D48: 11 | L48: 100 | M48: Product-685982B2 | N48: 2 | O48: =SUM(P48:AB48) | P48: 0 | Q48: 0 | R48: 0 | S48: 0 | T48: 0 | U48: 0 | V48: 0 | W48: 0 | X48: 0 | Y48: 0 | Z48: 0 | AA48: 0 | AB48: 0 | AE48: Brand-Anonymized | AF48: 200
B49: SKU-68F01DAC | C49: 是 | D49: 6 | E49: 是 | I49: 是 | J49: 共 | L49: 100 | M49: Product-DB12469B | N49: 2 | O49: =SUM(P49:AB49) | P49: 119.8 | Q49: 111.5 | R49: 64.5 | S49: 20.3 | T49: 101.4 | U49: 83 | V49: 64.5 | W49: 166 | X49: 119.5 | Y49: 144.7 | Z49: 29.5 | AA49: 5.9 | AB49: 19.4 | AD49: 细 | AE49: Brand-Anonymized | AF49: 200
B50: SKU-B376DBC8 | C50: 是 | D50: 9 | F50: 是 | I50: 是 | L50: 100 | M50: Product-12486764 | N50: 1 | O50: =SUM(P50:AB50) | P50: 0 | Q50: 0 | R50: 0 | S50: 0 | T50: 0 | U50: 0 | V50: 0 | W50: 0 | X50: 0 | Y50: 0 | Z50: 0 | AA50: 0 | AB50: 0 | AD50: 方 | AE50: Brand-Anonymized | AF50: 200
B51: SKU-D051F69D | C51: 是 | D51: 10 | L51: 100 | M51: Product-89AAAC0F | N51: 1 | O51: =SUM(P51:AB51) | P51: 11.2 | Q51: 13.3 | R51: 13.1 | S51: 6.4 | T51: 7.8 | U51: 6.4 | V51: 6.3 | W51: 17.8 | X51: 10.4 | Y51: 7.5 | Z51: 8.1 | AA51: 6.9 | AB51: 4.8 | AC51: X | AD51: 标 | AE51: Brand-Anonymized | AF51: 200
B52: SKU-D6DABD2C | C52: 是 | D52: 6 | E52: 是 | I52: 是 | L52: 100 | M52: Product-E13E7723 | N52: 1 | O52: =SUM(P52:AB52) | P52: 12.6 | Q52: 15 | R52: 14.7 | S52: 7.2 | T52: 8.8 | U52: 7.2 | V52: 7 | W52: 20 | X52: 11.7 | Y52: 8.4 | Z52: 9.2 | AA52: 7.8 | AB52: 5.4 | AC52: X | AD52: 细 | AE52: Brand-Anonymized | AF52: 200
B53: 5 | M53: 辽宁小计 | O53: =SUM(O48:O52) | P53: 143.6 | Q53: 139.8 | R53: 92.3 | S53: 33.9 | T53: 118 | U53: 96.6 | V53: 77.8 | W53: 203.8 | X53: 141.6 | Y53: 160.6 | Z53: 46.8 | AA53: 20.6 | AB53: 29.6 | AC53: =SUM(AC48:AC52)
A54: 吉林 | B54: SKU-58C29290 | C54: 是 | D54: 8 | L54: 100 | M54: Product-0F81BD89 | N54: 3 | O54: =SUM(P54:AB54) | P54: 130 | Q54: 169 | R54: 360 | S54: 270 | T54: 330 | U54: 177 | V54: 140 | W54: 450 | X54: 425.5 | Y54: 50 | Z54: 130 | AA54: 37 | AB54: 31.9 | AE54: Brand-Anonymized | AF54: 200
B55: SKU-204217AA | C55: 是 | D55: 9 | L55: 100 | M55: Product-65B192F5 | N55: 3 | O55: =SUM(P55:AB55) | P55: 307 | Q55: 300 | R55: 324 | S55: 175 | T55: 202 | U55: 200 | V55: 149 | W55: 471 | X55: 354 | Y55: 237 | Z55: 241 | AA55: 232 | AB55: 203 | AC55: T | AE55: Brand-Anonymized | AF55: 200
B56: SKU-AA06D68B | C56: 是 | D56: 5 | L56: 100 | M56: Product-BC490182 | N56: 1 | O56: =SUM(P56:AB56) | P56: 12 | Q56: 33 | R56: 20 | S56: 30 | T56: 57 | U56: 16 | V56: 6 | W56: 0 | X56: 33.3 | Y56: 40 | Z56: 7 | AA56: 12 | AB56: 2 | AE56: Brand-Anonymized | AF56: 200
B57: SKU-AB711576 | C57: 是 | D57: 7 | E57: 是 | I57: 是 | J57: 共 | L57: 100 | M57: Product-606B1B6A | N57: 2 | O57: =SUM(P57:AB57) | P57: 700 | Q57: 779 | R57: 900 | S57: 399 | T57: 537 | U57: 439 | V57: 429 | W57: 1218 | X57: 678 | Y57: 420 | Z57: 559 | AA57: 445 | AB57: 270 | AC57: T | AD57: 细 | AE57: Brand-Anonymized | AF57: 200
B58: SKU-9F810407 | C58: 是 | D58: 9 | F58: 是 | I58: 是 | L58: 100 | M58: Product-F93B8445 | N58: 3 | O58: =SUM(P58:AB58) | P58: 100 | Q58: 130 | R58: 160 | S58: 100 | T58: 150 | U58: 120 | V58: 140 | W58: 500 | X58: 62.8 | Y58: 50 | Z58: 110 | AA58: 101.8 | AB58: 100 | AD58: 细 | AE58: Brand-Anonymized | AF58: 200
B59: SKU-F676B681 | C59: 是 | D59: 9 | F59: 是 | I59: 是 | L59: 100 | M59: Product-33875634 | N59: 1 | O59: =SUM(P59:AB59) | P59: 0 | Q59: 0 | R59: 0 | S59: 0 | T59: 0 | U59: 0 | V59: 0 | W59: 0 | X59: 0 | Y59: 0 | Z59: 0 | AA59: 0 | AB59: 0 | AE59: Brand-Anonymized | AF59: 200
B60: SKU-E4C1BC6F | C60: 是 | D60: 8 | E60: 是 | I60: 是 | J60: 共 | L60: 100 | M60: Product-10F9DCAD | N60: 1 | O60: =SUM(P60:AB60) | P60: 362.1 | Q60: 586.4 | R60: 372.2 | S60: 191.1 | T60: 269.6 | U60: 271.6 | V60: 181 | W60: 467.7 | X60: 181 | Y60: 352 | Z60: 166 | AA60: 191.1 | AB60: 208.2 | AD60: 细 | AE60: Brand-Anonymized | AF60: 200
B61: SKU-CD605EDE | C61: 是 | D61: 9 | F61: 是 | I61: 是 | L61: 100 | M61: Product-219B759F | N61: 1 | O61: =SUM(P61:AB61) | P61: 11.7 | Q61: 13.9 | R61: 3 | S61: 6.6 | T61: 8.1 | U61: 6.7 | V61: 6.5 | W61: 18.5 | X61: 10.8 | Y61: 7.8 | Z61: 8.5 | AA61: 7.2 | AB61: 5 | AC61: X | AD61: 长 | AE61: Brand-Anonymized | AF61: 200
B62: 8 | M62: 吉林小计 | O62: =SUM(O54:O61) | P62: 1622.8 | Q62: 2011.3 | R62: 2139.2 | S62: 1171.7 | T62: 1553.7 | U62: 1230.3 | V62: 1051.5 | W62: 3125.2 | X62: 1745.4 | Y62: 1156.8 | Z62: 1221.5 | AA62: 1026.1 | AB62: 820.1 | AC62: =SUM(AC54:AC61)
A63: 深圳 | B63: SKU-BBC3DCE6 | C63: 是 | D63: 8 | E63: 是 | I63: 是 | L63: 100 | M63: Product-3237B6F2 | N63: 1 | O63: =SUM(P63:AB63) | P63: 3 | Q63: 4.1 | R63: 3 | S63: 1 | T63: 6.5 | U63: 1.4 | V63: 1.5 | W63: 3 | X63: 1 | Y63: 2 | Z63: 1 | AA63: 1 | AB63: 1 | AD63: 标 | AE63: Brand-Anonymized | AF63: 200
B64: SKU-B505F1AF | C64: 是 | D64: 10 | F64: 是 | I64: 是 | L64: 100 | M64: Product-3EEAD3B7 | N64: 1 | O64: =SUM(P64:AB64) | P64: 2 | Q64: 6.9 | R64: 6.8 | S64: 3.3 | T64: 4 | U64: 3.3 | V64: 3.2 | W64: 9.1 | X64: 5.4 | Y64: 3.9 | Z64: 4.2 | AA64: 3.6 | AB64: 2.5 | AC64: X | AD64: 方 | AE64: Brand-Anonymized | AF64: 200
B65: 2 | M65: 深圳小计 | O65: =SUM(O63:O64) | P65: 5 | Q65: 11 | R65: 9.8 | S65: 4.3 | T65: 10.5 | U65: 4.7 | V65: 4.7 | W65: 12.1 | X65: 6.4 | Y65: 5.9 | Z65: 5.2 | AA65: 4.6 | AB65: 3.5 | AC65: =SUM(AC63:AC64)
A66: 甘肃 | B66: SKU-ADBD66B8 | C66: 是 | D66: 6 | L66: 100 | M66: Product-3232333E | N66: 3 | O66: =SUM(P66:AB66) | P66: 83 | Q66: 80 | R66: 87 | S66: 47 | T66: 54 | U66: 54 | V66: 40 | W66: 127 | X66: 96 | Y66: 64 | Z66: 65 | AA66: 63 | AB66: 55 | AC66: T | AE66: Brand-Anonymized | AF66: 200
B67: SKU-77309807 | C67: 是 | D67: 8 | J67: 共 | L67: 100 | M67: Product-569CC6FE | N67: 2 | O67: =SUM(P67:AB67) | P67: 95 | Q67: 48 | R67: 85 | S67: 31 | T67: 25 | U67: 11.4 | V67: 20 | W67: 100 | X67: 23 | Y67: 5 | Z67: 12 | AA67: 2 | AB67: 10 | AE67: Brand-Anonymized | AF67: 200
B68: SKU-20CF6943 | C68: 是 | D68: 8 | H68: 是 | I68: 是 | L68: 100 | M68: Product-D195C7CE | N68: 3 | O68: =SUM(P68:AB68) | P68: 15 | Q68: 25 | R68: 30 | S68: 5 | T68: 17 | U68: 12.4 | V68: 8 | W68: 30 | X68: 19.2 | Y68: 3 | Z68: 30 | AA68: 3.2 | AB68: 2 | AE68: Brand-Anonymized | AF68: 200
B69: SKU-64A5E460 | C69: 是 | D69: 8 | F69: 是 | I69: 是 | L69: 100 | M69: Product-6C74D635 | N69: 1 | O69: =SUM(P69:AB69) | P69: 32.5 | Q69: 27.8 | R69: 62.2 | S69: 16.7 | T69: 18.6 | U69: 8.4 | V69: 15.8 | W69: 37 | X69: 8 | Y69: 9.3 | Z69: 29.7 | AA69: 9.8 | AB69: 4.2 | AD69: 长 | AE69: Brand-Anonymized | AF69: 200
B70: 4 | M70: 甘肃小计 | O70: =SUM(O66:O69) | P70: 225.5 | Q70: 180.8 | R70: 264.2 | S70: 99.7 | T70: 114.6 | U70: 86.2 | V70: 83.8 | W70: 294 | X70: 146.2 | Y70: 81.3 | Z70: 136.7 | AA70: 78 | AB70: 71.2 | AC70: =SUM(AC66:AC69)
A71: 黑龙江 | B71: SKU-D485CCCA | D71: 10 | F71: 是 | I71: 是 | L71: 100 | M71: Product-05507059 | N71: 3 | O71: =SUM(P71:AB71) | P71: 56 | Q71: 66 | R71: 65 | S71: 32 | T71: 39 | U71: 32 | V71: 31 | W71: 89 | X71: 52 | Y71: 37 | Z71: 40 | AA71: 35 | AB71: 26 | AD71: 标 | AE71: Brand-Anonymized | AF71: 200
B72: SKU-66238053 | D72: 8 | E72: 是 | I72: 是 | L72: 100 | M72: Product-B4F67B70 | N72: 2 | O72: =SUM(P72:AB72) | P72: 0 | Q72: 0 | R72: 0 | S72: 0 | T72: 0 | U72: 0 | V72: 0 | W72: 0 | X72: 0 | Y72: 0 | Z72: 0 | AA72: 0 | AB72: 0 | AD72: 标 | AE72: Brand-Anonymized | AF72: 200
B73: SKU-AEC03642 | D73: 8 | F73: 是 | I73: 是 | L73: 100 | M73: Product-5A4A091A | N73: 1 | O73: =SUM(P73:AB73) | P73: 7.5 | Q73: 8.9 | R73: 8.7 | S73: 4.3 | T73: 5.2 | U73: 4.3 | V73: 4.2 | W73: 11.8 | X73: 6.9 | Y73: 5 | Z73: 5.4 | AA73: 4.6 | AB73: 3.2 | AC73: X | AE73: Brand-Anonymized | AF73: 200
B74: 3 | M74: 黑龙江小计 | O74: =SUM(O71:O73) | P74: 63.5 | Q74: 74.9 | R74: 73.7 | S74: 36.3 | T74: 44.2 | U74: 36.3 | V74: 35.2 | W74: 100.8 | X74: 58.9 | Y74: 42 | Z74: 45.4 | AA74: 39.6 | AB74: 29.2 | AC74: =SUM(AC71:AC73)
A75: 内蒙 | B75: SKU-6FADBEBD | C75: 是 | D75: 5 | E75: 是 | I75: 是 | J75: 共 | L75: 100 | M75: Product-224E6368 | N75: 1 | O75: =SUM(P75:AB75) | P75: 6.9 | Q75: 10.3 | R75: 17.1 | S75: 3.4 | T75: 17.1 | U75: 17.1 | V75: 3.4 | W75: 1 | X75: 19.7 | Y75: 7.7 | Z75: 6.9 | AA75: 4.3 | AB75: 5.1 | AD75: 细 | AE75: Brand-Anonymized | AF75: 200
B76: SKU-6772DEBE | C76: 是 | D76: 6 | F76: 是 | I76: 是 | L76: 100 | M76: Product-82693D22 | N76: 1 | O76: =SUM(P76:AB76) | P76: 30 | Q76: 30 | R76: 40 | S76: 39 | T76: 132 | U76: 40 | V76: 22 | W76: 90 | X76: 40 | Y76: 30 | Z76: 30 | AA76: 10 | AB76: 20.7 | AD76: 长 | AE76: Brand-Anonymized | AF76: 200
B77: SKU-3B2628FE | C77: 是 | D77: 8 | F77: 是 | I77: 是 | L77: 100 | M77: Product-F68D7468 | N77: 1 | O77: =SUM(P77:AB77) | P77: 0 | Q77: 0 | R77: 0 | S77: 0 | T77: 0 | U77: 0 | V77: 0 | W77: 0 | X77: 0 | Y77: 0 | Z77: 0 | AA77: 0 | AB77: 0 | AE77: Brand-Anonymized | AF77: 200
B78: SKU-01CFC7C8 | C78: 是 | D78: 3 | E78: 是 | I78: 是 | L78: 100 | M78: Product-1385CA82 | N78: 1 | O78: =SUM(P78:AB78) | P78: 1.9 | Q78: 2.2 | R78: 2.2 | S78: 1.1 | T78: 1.3 | U78: 1.1 | V78: 1 | W78: 2.9 | X78: 1.7 | Y78: 1.2 | Z78: 1.4 | AA78: 1.2 | AB78: 0.8 | AC78: X | AD78: 细 | AE78: Brand-Anonymized | AF78: 200
B79: SKU-3BC6D3D6 | C79: 是 | D79: 10 | L79: 100 | M79: Product-7FD02DE1 | N79: 2 | O79: =SUM(P79:AB79) | P79: 108.3 | Q79: 32.8 | R79: 27.3 | S79: 21.9 | T79: 68.9 | U79: 50.3 | V79: 32.8 | W79: 49 | X79: 69.8 | Y79: 40.5 | Z79: 38.3 | AA79: 66.3 | AB79: 33.8 | AE79: Brand-Anonymized | AF79: 200
B80: 5 | M80: 内蒙小计 | O80: =SUM(O75:O79) | P80: 147.1 | Q80: 75.3 | R80: 86.6 | S80: 65.4 | T80: 219.3 | U80: 108.5 | V80: 59.2 | W80: 142.9 | X80: 131.2 | Y80: 79.4 | Z80: 76.6 | AA80: 81.8 | AB80: 60.4 | AC80: =SUM(AC75:AC79)
A81: 海南 | B81: SKU-2379F692 | D81: 8 | E81: 是 | H81: 是 | I81: 是 | L81: 100 | M81: Product-1E77ED33 | N81: 1 | O81: =SUM(P81:AB81) | P81: 9 | Q81: 13 | R81: 8 | S81: 5 | T81: 7 | U81: 4 | V81: 4 | W81: 12 | X81: 9 | Y81: 6 | Z81: 5 | AA81: 5 | AB81: 3 | AD81: 标 | AE81: Brand-Anonymized | AF81: 200
B82: SKU-F2B0F984 | D82: 10 | L82: 100 | M82: Product-BB38CDED | N82: 1 | O82: =SUM(P82:AB82) | P82: 14 | Q82: 16.7 | R82: 16.4 | S82: 8 | T82: 9.8 | U82: 8 | V82: 7.8 | W82: 22.1 | X82: 13 | Y82: 9.3 | Z82: 10.2 | AA82: 8.7 | AB82: 6 | AC82: X | AD82: 标 | AE82: Brand-Anonymized | AF82: 200
B83: 2 | M83: 海南小计 | O83: =SUM(O81:O82) | P83: 23 | Q83: 29.7 | R83: 24.4 | S83: 13 | T83: 16.8 | U83: 12 | V83: 11.8 | W83: 34.1 | X83: 22 | Y83: 15.3 | Z83: 15.2 | AA83: 13.7 | AB83: 9 | AC83: =SUM(AC81:AC82)
B84: 29 | M84: 中烟实业小计 | O84: =SUMIF($N$48:$N$83,">0",O48:O83) | P84: 2230.5 | Q84: 2522.8 | R84: 2690.2 | S84: 1424.3 | T84: 2077.1 | U84: 1574.6 | V84: 1324 | W84: 3912.9 | X84: 2251.7 | Y84: 1541.3 | Z84: 1547.4 | AA84: 1264.4 | AB84: 1023 | AC84: =SUMIF($N$48:$N$83,">0",AC48:AC83)
A85: 江苏 | B85: SKU-8A01A251 | C85: 是 | D85: 11 | L85: 100 | M85: Product-E520A49A | N85: 2 | O85: =SUM(P85:AB85) | P85: 0 | Q85: 0 | R85: 0 | S85: 0 | T85: 0 | U85: 0 | V85: 0 | W85: 0 | X85: 0 | Y85: 0 | Z85: 0 | AA85: 0 | AB85: 0 | AE85: Brand-Anonymized | AF85: 200
B86: SKU-F12BD851 | C86: 是 | D86: 11 | J86: 共 | L86: 100 | M86: Product-C8CC2E46 | N86: 2 | O86: =SUM(P86:AB86) | P86: 244.2 | Q86: 294.7 | R86: 301.2 | S86: 57 | T86: 207.6 | U86: 115.6 | V86: 81.4 | W86: 528.2 | X86: 291.8 | Y86: 407.8 | Z86: 249.1 | AA86: 81.4 | AB86: 140 | AE86: Brand-Anonymized | AF86: 200
B87: SKU-FBC6A90A | C87: 是 | D87: 11 | L87: 100 | M87: Product-6215959E | N87: 1 | O87: =SUM(P87:AB87) | P87: 0 | Q87: 0 | R87: 0 | S87: 0 | T87: 0 | U87: 0 | V87: 0 | W87: 0 | X87: 0 | Y87: 0 | Z87: 0 | AA87: 0 | AB87: 0 | AD87: 标 | AE87: Brand-Anonymized | AF87: 200
B88: SKU-8D50A17D | C88: 是 | D88: 5 | E88: 是 | I88: 是 | J88: 共 | L88: 100 | M88: Product-33956506 | N88: 1 | O88: =SUM(P88:AB88) | P88: 162 | Q88: 79 | R88: 188 | S88: 92 | T88: 80 | U88: 90 | V88: 90 | W88: 255 | X88: 139 | Y88: 82 | Z88: 101 | AA88: 99 | AB88: 43 | AC88: T | AD88: 细 | AE88: Brand-Anonymized | AF88: 200
B89: SKU-685DD3D2 | C89: 是 | D89: 6 | E89: 是 | I89: 是 | J89: 共 | L89: 100 | M89: Product-F61FD83C | N89: 1 | O89: =SUM(P89:AB89) | P89: 185 | Q89: 269 | R89: 360 | S89: 170 | T89: 170 | U89: 150 | V89: 110 | W89: 580 | X89: 163.4 | Y89: 105 | Z89: 140 | AA89: 117.2 | AB89: 22 | AD89: 细 | AE89: Brand-Anonymized | AF89: 200
B90: SKU-55E23DA5 | C90: 是 | D90: 8 | E90: 是 | I90: 是 | J90: 共 | L90: 100 | M90: Product-7D170E46 | N90: 2 | O90: =SUM(P90:AB90) | P90: 948.8 | Q90: 1239 | R90: 1302.3 | S90: 402.8 | T90: 619.5 | U90: 448.4 | V90: 790.7 | W90: 2232.4 | X90: 684.6 | Y90: 520.9 | Z90: 539.5 | AA90: 496.7 | AB90: 474.4 | AD90: 细 | AE90: Brand-Anonymized | AF90: 200
B91: SKU-07310B8A | C91: 是 | D91: 5 | E91: 是 | I91: 是 | J91: 共 | L91: 100 | M91: Product-9FF55A7C | N91: 1 | O91: =SUM(P91:AB91) | P91: 8.4 | Q91: 10 | R91: 9 | S91: 4.8 | T91: 5.9 | U91: 4.8 | V91: 4.7 | W91: 13.3 | X91: 7.8 | Y91: 5.6 | Z91: 6.1 | AA91: 5.2 | AB91: 3.6 | AC91: C | AD91: 方 | AE91: Brand-Anonymized | AF91: 200
B92: SKU-8EBE1AD6 | C92: 是 | D92: 6 | E92: 是 | I92: 是 | L92: 100 | M92: Product-9A6C9779 | N92: 1 | O92: =SUM(P92:AB92) | P92: 184.5 | Q92: 218.4 | R92: 39.6 | S92: 158.5 | T92: 29.4 | U92: 26.5 | V92: 56.6 | W92: 294.3 | X92: 77.4 | Y92: 45.3 | Z92: 47.5 | AA92: 31.5 | AB92: 90.5 | AD92: 细 | AE92: Brand-Anonymized | AF92: 200
B93: SKU-06D5C6B5 | C93: 是 | D93: 11 | J93: 共 | L93: 100 | M93: Product-79046E1F | N93: 1 | O93: =SUM(P93:AB93) | P93: 5.3 | Q93: 6.3 | R93: 6 | S93: 3 | T93: 3.7 | U93: 3 | V93: 3 | W93: 8.6 | X93: 4.9 | Y93: 3.5 | Z93: 3.9 | AA93: 3.3 | AB93: 2.3 | AC93: C | AD93: 标 | AE93: Brand-Anonymized | AF93: 200
B94: SKU-0472D802 | C94: 是 | D94: 6 | E94: 是 | I94: 是 | L94: 100 | M94: Product-0EE8F563 | N94: 1 | O94: =SUM(P94:AB94) | P94: 71.6 | Q94: 101.5 | R94: 28.7 | S94: 41.8 | T94: 54.9 | U94: 53.7 | V94: 29.8 | W94: 71.6 | X94: 56.7 | Y94: 0 | Z94: 23.9 | AA94: 15.8 | AB94: 0 | AD94: 细 | AE94: Brand-Anonymized | AF94: 200
B95: SKU-8992A5AF | C95: 是 | D95: 10 | L95: 100 | M95: Product-15073DAA | N95: 1 | O95: =SUM(P95:AB95) | P95: 1.7 | Q95: 2 | R95: 1 | S95: 1 | T95: 1.2 | U95: 1 | V95: 0.9 | W95: 2.6 | X95: 1.6 | Y95: 1.1 | Z95: 1.2 | AA95: 1 | AB95: 0.7 | AC95: X | AD95: 标 | AE95: Brand-Anonymized | AF95: 200
B96: SKU-9DFEFE7F | C96: 是 | D96: 6 | E96: 是 | H96: 是 | I96: 是 | L96: 100 | M96: Product-14B419F6 | N96: 1 | O96: =SUM(P96:AB96) | P96: 15 | Q96: 17.8 | R96: 17.5 | S96: 8.5 | T96: 10.4 | U96: 8.5 | V96: 8.3 | W96: 23.8 | X96: 13.8 | Y96: 9.9 | Z96: 10.8 | AA96: 9.3 | AB96: 6.4 | AC96: X | AD96: 细 | AE96: Brand-Anonymized | AF96: 200
B97: SKU-707B6E8A | C97: 是 | D97: 3 | E97: 是 | I97: 是 | L97: 100 | M97: Product-069A5966 | N97: 1 | O97: =SUM(P97:AB97) | P97: 2.3 | Q97: 2.8 | R97: 2.7 | S97: 1.3 | T97: 1.6 | U97: 1.3 | V97: 1.3 | W97: 3.8 | X97: 2.2 | Y97: 1.6 | Z97: 1.7 | AA97: 1.4 | AB97: 1 | AC97: X | AD97: 标 | AE97: Brand-Anonymized | AF97: 200
B98: SKU-5969B13C | C98: 是 | D98: 11 | J98: 共 | L98: 100 | M98: Product-D41D58A6 | N98: 1 | O98: =SUM(P98:AB98) | P98: 10 | Q98: 30 | R98: 10 | S98: 15 | T98: 18 | U98: 18 | V98: 13 | W98: 36 | X98: 32.2 | Y98: 16 | Z98: 10 | AA98: 13.8 | AB98: 2 | AC98: T | AE98: Brand-Anonymized | AF98: 200
B99: SKU-54FF462C | C99: 是 | D99: 11 | J99: 共 | L99: 100 | M99: Product-61A907C6 | N99: 1 | O99: =SUM(P99:AB99) | P99: 283.5 | Q99: 33.5 | R99: 223.2 | S99: 145.1 | T99: 178.6 | U99: 111.6 | V99: 44.6 | W99: 424 | X99: 113.5 | Y99: 68.1 | Z99: 200.9 | AA99: 151.1 | AB99: 22.3 | AE99: Brand-Anonymized | AF99: 200
B100: SKU-124FFA8F | C100: 是 | D100: 8 | F100: 是 | I100: 是 | L100: 100 | M100: Product-D911580D | N100: 1 | O100: =SUM(P100:AB100) | P100: 0 | Q100: 0 | R100: 0 | S100: 0 | T100: 0 | U100: 0 | V100: 0 | W100: 0 | X100: 0 | Y100: 0 | Z100: 0 | AA100: 0 | AB100: 0 | AE100: Brand-Anonymized | AF100: 200
...

Sheet 进度%
M1: 2025年上
A2: 工业 | B2: 代码 | C2: 重 | D2: 焦 | E2: 细 | F2: 中 | G2: 短 | H2: 爆 | I2: 创 | J2: 共 | K2: 混 | L2: 批发价 | M2: 卷烟名称 | N2: 类 | O2: 合计 | P2: 一分 | Q2: 二分 | R2: 三分 | S2: 东丽 | T2: 西青 | U2: 津南 | V2: 北辰 | W2: 滨海 | X2: 武清 | Y2: 宝坻 | Z2: 蓟州 | AA2: 静海 | AB2: 宁河 | AC2: 属 | AD2: C类 | AE2: 品牌 | AF2: 条支比
A3: 上海 | B3: SKU-C78CA26A | C3: 是 | D3: 8 | K3: 是 | L3: 100 | M3: Product-0CBDA773 | N3: 3 | O3: =IFERROR(ROUND(计划落实!O3/计划!O3,5),0) | P3: =IFERROR(ROUND(计划落实!P3/计划!P3,5),0) | Q3: =IFERROR(ROUND(计划落实!Q3/计划!Q3,5),0) | R3: =IFERROR(ROUND(计划落实!R3/计划!R3,5),0) | S3: =IFERROR(ROUND(计划落实!S3/计划!S3,5),0) | T3: =IFERROR(ROUND(计划落实!T3/计划!T3,5),0) | U3: =IFERROR(ROUND(计划落实!U3/计划!U3,5),0) | V3: =IFERROR(ROUND(计划落实!V3/计划!V3,5),0) | ... AB3: =IFERROR(ROUND(计划落实!AB3/计划!AB3,5),0) | AE3: Brand-Anonymized | AF3: 200
B4: SKU-FEFFF06B | C4: 是 | D4: 5 | K4: 是 | L4: 100 | M4: Product-2824E2BD | N4: 2 | O4: =IFERROR(ROUND(计划落实!O4/计划!O4,5),0) | P4: =IFERROR(ROUND(计划落实!P4/计划!P4,5),0) | Q4: =IFERROR(ROUND(计划落实!Q4/计划!Q4,5),0) | R4: =IFERROR(ROUND(计划落实!R4/计划!R4,5),0) | S4: =IFERROR(ROUND(计划落实!S4/计划!S4,5),0) | T4: =IFERROR(ROUND(计划落实!T4/计划!T4,5),0) | U4: =IFERROR(ROUND(计划落实!U4/计划!U4,5),0) | V4: =IFERROR(ROUND(计划落实!V4/计划!V4,5),0) | ... AB4: =IFERROR(ROUND(计划落实!AB4/计划!AB4,5),0) | AC4: T | AE4: Brand-Anonymized | AF4: 200
B5: SKU-2866FD1A | C5: 是 | D5: 8 | K5: 是 | L5: 100 | M5: Product-B05D24B5 | N5: 3 | O5: =IFERROR(ROUND(计划落实!O5/计划!O5,5),0) | P5: =IFERROR(ROUND(计划落实!P5/计划!P5,5),0) | Q5: =IFERROR(ROUND(计划落实!Q5/计划!Q5,5),0) | R5: =IFERROR(ROUND(计划落实!R5/计划!R5,5),0) | S5: =IFERROR(ROUND(计划落实!S5/计划!S5,5),0) | T5: =IFERROR(ROUND(计划落实!T5/计划!T5,5),0) | U5: =IFERROR(ROUND(计划落实!U5/计划!U5,5),0) | V5: =IFERROR(ROUND(计划落实!V5/计划!V5,5),0) | ... AB5: =IFERROR(ROUND(计划落实!AB5/计划!AB5,5),0) | AE5: Brand-Anonymized | AF5: 200
B6: SKU-0260B714 | C6: 是 | D6: 5 | K6: 是 | L6: 100 | M6: Product-9FA41960 | N6: 2 | O6: =IFERROR(ROUND(计划落实!O6/计划!O6,5),0) | P6: =IFERROR(ROUND(计划落实!P6/计划!P6,5),0) | Q6: =IFERROR(ROUND(计划落实!Q6/计划!Q6,5),0) | R6: =IFERROR(ROUND(计划落实!R6/计划!R6,5),0) | S6: =IFERROR(ROUND(计划落实!S6/计划!S6,5),0) | T6: =IFERROR(ROUND(计划落实!T6/计划!T6,5),0) | U6: =IFERROR(ROUND(计划落实!U6/计划!U6,5),0) | V6: =IFERROR(ROUND(计划落实!V6/计划!V6,5),0) | ... AB6: =IFERROR(ROUND(计划落实!AB6/计划!AB6,5),0) | AE6: Brand-Anonymized | AF6: 200
B7: SKU-80DD304E | C7: 是 | D7: 5 | F7: 是 | I7: 是 | K7: 是 | L7: 100 | M7: Product-104B7147 | N7: 2 | O7: =IFERROR(ROUND(计划落实!O7/计划!O7,5),0) | P7: =IFERROR(ROUND(计划落实!P7/计划!P7,5),0) | Q7: =IFERROR(ROUND(计划落实!Q7/计划!Q7,5),0) | R7: =IFERROR(ROUND(计划落实!R7/计划!R7,5),0) | S7: =IFERROR(ROUND(计划落实!S7/计划!S7,5),0) | T7: =IFERROR(ROUND(计划落实!T7/计划!T7,5),0) | U7: =IFERROR(ROUND(计划落实!U7/计划!U7,5),0) | V7: =IFERROR(ROUND(计划落实!V7/计划!V7,5),0) | ... AB7: =IFERROR(ROUND(计划落实!AB7/计划!AB7,5),0) | AC7: C | AD7: 标 | AE7: Brand-Anonymized | AF7: 200
B8: SKU-1DE29866 | C8: 是 | D8: 5 | F8: 是 | H8: 是 | I8: 是 | K8: 是 | L8: 100 | M8: Product-F23B59C1 | N8: 1 | O8: =IFERROR(ROUND(计划落实!O8/计划!O8,5),0) | P8: =IFERROR(ROUND(计划落实!P8/计划!P8,5),0) | Q8: =IFERROR(ROUND(计划落实!Q8/计划!Q8,5),0) | R8: =IFERROR(ROUND(计划落实!R8/计划!R8,5),0) | S8: =IFERROR(ROUND(计划落实!S8/计划!S8,5),0) | T8: =IFERROR(ROUND(计划落实!T8/计划!T8,5),0) | U8: =IFERROR(ROUND(计划落实!U8/计划!U8,5),0) | V8: =IFERROR(ROUND(计划落实!V8/计划!V8,5),0) | ... AB8: =IFERROR(ROUND(计划落实!AB8/计划!AB8,5),0) | AC8: X | AD8: 标 | AE8: Brand-Anonymized | AF8: 200
B9: 6 | M9: 北京小计 | O9: =IFERROR(ROUND(计划落实!O9/计划!O9,5),0) | P9: =IFERROR(ROUND(计划落实!P9/计划!P9,5),0) | Q9: =IFERROR(ROUND(计划落实!Q9/计划!Q9,5),0) | R9: =IFERROR(ROUND(计划落实!R9/计划!R9,5),0) | S9: =IFERROR(ROUND(计划落实!S9/计划!S9,5),0) | T9: =IFERROR(ROUND(计划落实!T9/计划!T9,5),0) | U9: =IFERROR(ROUND(计划落实!U9/计划!U9,5),0) | V9: =IFERROR(ROUND(计划落实!V9/计划!V9,5),0) | ... AB9: =IFERROR(ROUND(计划落实!AB9/计划!AB9,5),0) | AC9: =SUM(AC3:AC8)
B10: SKU-D208A1F4 | D10: 9 | L10: 100 | M10: Product-DE70A72E | N10: 3 | O10: =IFERROR(ROUND(计划落实!O10/计划!O10,5),0) | P10: =IFERROR(ROUND(计划落实!P10/计划!P10,5),0) | Q10: =IFERROR(ROUND(计划落实!Q10/计划!Q10,5),0) | R10: =IFERROR(ROUND(计划落实!R10/计划!R10,5),0) | S10: =IFERROR(ROUND(计划落实!S10/计划!S10,5),0) | T10: =IFERROR(ROUND(计划落实!T10/计划!T10,5),0) | U10: =IFERROR(ROUND(计划落实!U10/计划!U10,5),0) | V10: =IFERROR(ROUND(计划落实!V10/计划!V10,5),0) | ... AB10: =IFERROR(ROUND(计划落实!AB10/计划!AB10,5),0) | AC10: T | AE10: Brand-Anonymized | AF10: 200
B11: SKU-07FCDFBC | D11: 10 | G11: 是 | I11: 是 | L11: 100 | M11: Product-7A1FEE2B | N11: 1 | O11: =IFERROR(ROUND(计划落实!O11/计划!O11,5),0) | P11: =IFERROR(ROUND(计划落实!P11/计划!P11,5),0) | Q11: =IFERROR(ROUND(计划落实!Q11/计划!Q11,5),0) | R11: =IFERROR(ROUND(计划落实!R11/计划!R11,5),0) | S11: =IFERROR(ROUND(计划落实!S11/计划!S11,5),0) | T11: =IFERROR(ROUND(计划落实!T11/计划!T11,5),0) | U11: =IFERROR(ROUND(计划落实!U11/计划!U11,5),0) | V11: =IFERROR(ROUND(计划落实!V11/计划!V11,5),0) | ... AB11: =IFERROR(ROUND(计划落实!AB11/计划!AB11,5),0) | AD11: 标 | AE11: Brand-Anonymized | AF11: 200
B12: SKU-F24DC4CC | D12: 10 | L12: 100 | M12: Product-3F617BC6 | N12: 1 | O12: =IFERROR(ROUND(计划落实!O12/计划!O12,5),0) | P12: =IFERROR(ROUND(计划落实!P12/计划!P12,5),0) | Q12: =IFERROR(ROUND(计划落实!Q12/计划!Q12,5),0) | R12: =IFERROR(ROUND(计划落实!R12/计划!R12,5),0) | S12: =IFERROR(ROUND(计划落实!S12/计划!S12,5),0) | T12: =IFERROR(ROUND(计划落实!T12/计划!T12,5),0) | U12: =IFERROR(ROUND(计划落实!U12/计划!U12,5),0) | V12: =IFERROR(ROUND(计划落实!V12/计划!V12,5),0) | ... AB12: =IFERROR(ROUND(计划落实!AB12/计划!AB12,5),0) | AD12: 方 | AE12: Brand-Anonymized | AF12: 200
B13: SKU-D943D84F | D13: 10 | L13: 100 | M13: Product-9C089579 | N13: 1 | O13: =IFERROR(ROUND(计划落实!O13/计划!O13,5),0) | P13: =IFERROR(ROUND(计划落实!P13/计划!P13,5),0) | Q13: =IFERROR(ROUND(计划落实!Q13/计划!Q13,5),0) | R13: =IFERROR(ROUND(计划落实!R13/计划!R13,5),0) | S13: =IFERROR(ROUND(计划落实!S13/计划!S13,5),0) | T13: =IFERROR(ROUND(计划落实!T13/计划!T13,5),0) | U13: =IFERROR(ROUND(计划落实!U13/计划!U13,5),0) | V13: =IFERROR(ROUND(计划落实!V13/计划!V13,5),0) | ... AB13: =IFERROR(ROUND(计划落实!AB13/计划!AB13,5),0) | AE13: Brand-Anonymized | AF13: 200
B14: SKU-6D9E63BD | D14: 8 | F14: 是 | I14: 是 | L14: 100 | M14: Product-BC499EF2 | N14: 1 | O14: =IFERROR(ROUND(计划落实!O14/计划!O14,5),0) | P14: =IFERROR(ROUND(计划落实!P14/计划!P14,5),0) | Q14: =IFERROR(ROUND(计划落实!Q14/计划!Q14,5),0) | R14: =IFERROR(ROUND(计划落实!R14/计划!R14,5),0) | S14: =IFERROR(ROUND(计划落实!S14/计划!S14,5),0) | T14: =IFERROR(ROUND(计划落实!T14/计划!T14,5),0) | U14: =IFERROR(ROUND(计划落实!U14/计划!U14,5),0) | V14: =IFERROR(ROUND(计划落实!V14/计划!V14,5),0) | ... AB14: =IFERROR(ROUND(计划落实!AB14/计划!AB14,5),0) | AC14: C | AD14: 方 | AE14: Brand-Anonymized | AF14: 200
B15: SKU-01FF2431 | D15: 8 | F15: 是 | I15: 是 | L15: 100 | M15: Product-C54A353F | N15: 1 | O15: =IFERROR(ROUND(计划落实!O15/计划!O15,5),0) | P15: =IFERROR(ROUND(计划落实!P15/计划!P15,5),0) | Q15: =IFERROR(ROUND(计划落实!Q15/计划!Q15,5),0) | R15: =IFERROR(ROUND(计划落实!R15/计划!R15,5),0) | S15: =IFERROR(ROUND(计划落实!S15/计划!S15,5),0) | T15: =IFERROR(ROUND(计划落实!T15/计划!T15,5),0) | U15: =IFERROR(ROUND(计划落实!U15/计划!U15,5),0) | V15: =IFERROR(ROUND(计划落实!V15/计划!V15,5),0) | ... AB15: =IFERROR(ROUND(计划落实!AB15/计划!AB15,5),0) | AC15: C | AD15: 标 | AE15: Brand-Anonymized | AF15: 200
B16: SKU-8916FAEC | D16: 8 | F16: 是 | I16: 是 | J16: 共 | L16: 100 | M16: Product-558A622A | N16: 1 | O16: =IFERROR(ROUND(计划落实!O16/计划!O16,5),0) | P16: =IFERROR(ROUND(计划落实!P16/计划!P16,5),0) | Q16: =IFERROR(ROUND(计划落实!Q16/计划!Q16,5),0) | R16: =IFERROR(ROUND(计划落实!R16/计划!R16,5),0) | S16: =IFERROR(ROUND(计划落实!S16/计划!S16,5),0) | T16: =IFERROR(ROUND(计划落实!T16/计划!T16,5),0) | U16: =IFERROR(ROUND(计划落实!U16/计划!U16,5),0) | V16: =IFERROR(ROUND(计划落实!V16/计划!V16,5),0) | ... AB16: =IFERROR(ROUND(计划落实!AB16/计划!AB16,5),0) | AC16: C | AD16: 长 | AE16: Brand-Anonymized | AF16: 200
B17: SKU-13F48E9F | D17: 8 | F17: 是 | I17: 是 | L17: 100 | M17: Product-9B1626A5 | N17: 1 | O17: =IFERROR(ROUND(计划落实!O17/计划!O17,5),0) | P17: =IFERROR(ROUND(计划落实!P17/计划!P17,5),0) | Q17: =IFERROR(ROUND(计划落实!Q17/计划!Q17,5),0) | R17: =IFERROR(ROUND(计划落实!R17/计划!R17,5),0) | S17: =IFERROR(ROUND(计划落实!S17/计划!S17,5),0) | T17: =IFERROR(ROUND(计划落实!T17/计划!T17,5),0) | U17: =IFERROR(ROUND(计划落实!U17/计划!U17,5),0) | V17: =IFERROR(ROUND(计划落实!V17/计划!V17,5),0) | ... AB17: =IFERROR(ROUND(计划落实!AB17/计划!AB17,5),0) | AC17: C | AD17: 长 | AE17: Brand-Anonymized | AF17: 200
B18: SKU-84735B62 | C18: 是 | D18: 10 | L18: 100 | M18: Product-61AE19F7 | N18: 3 | O18: =IFERROR(ROUND(计划落实!O18/计划!O18,5),0) | P18: =IFERROR(ROUND(计划落实!P18/计划!P18,5),0) | Q18: =IFERROR(ROUND(计划落实!Q18/计划!Q18,5),0) | R18: =IFERROR(ROUND(计划落实!R18/计划!R18,5),0) | S18: =IFERROR(ROUND(计划落实!S18/计划!S18,5),0) | T18: =IFERROR(ROUND(计划落实!T18/计划!T18,5),0) | U18: =IFERROR(ROUND(计划落实!U18/计划!U18,5),0) | V18: =IFERROR(ROUND(计划落实!V18/计划!V18,5),0) | ... AB18: =IFERROR(ROUND(计划落实!AB18/计划!AB18,5),0) | AC18: T | AE18: Brand-Anonymized | AF18: 200
B19: SKU-9356910A | C19: 是 | D19: 11 | L19: 100 | M19: Product-1433AC24 | N19: 2 | O19: =IFERROR(ROUND(计划落实!O19/计划!O19,5),0) | P19: =IFERROR(ROUND(计划落实!P19/计划!P19,5),0) | Q19: =IFERROR(ROUND(计划落实!Q19/计划!Q19,5),0) | R19: =IFERROR(ROUND(计划落实!R19/计划!R19,5),0) | S19: =IFERROR(ROUND(计划落实!S19/计划!S19,5),0) | T19: =IFERROR(ROUND(计划落实!T19/计划!T19,5),0) | U19: =IFERROR(ROUND(计划落实!U19/计划!U19,5),0) | V19: =IFERROR(ROUND(计划落实!V19/计划!V19,5),0) | ... AB19: =IFERROR(ROUND(计划落实!AB19/计划!AB19,5),0) | AC19: T | AE19: Brand-Anonymized | AF19: 200
B20: SKU-A1C9F3C5 | C20: 是 | D20: 10 | J20: 共 | L20: 100 | M20: Product-A7F669A5 | N20: 2 | O20: =IFERROR(ROUND(计划落实!O20/计划!O20,5),0) | P20: =IFERROR(ROUND(计划落实!P20/计划!P20,5),0) | Q20: =IFERROR(ROUND(计划落实!Q20/计划!Q20,5),0) | R20: =IFERROR(ROUND(计划落实!R20/计划!R20,5),0) | S20: =IFERROR(ROUND(计划落实!S20/计划!S20,5),0) | T20: =IFERROR(ROUND(计划落实!T20/计划!T20,5),0) | U20: =IFERROR(ROUND(计划落实!U20/计划!U20,5),0) | V20: =IFERROR(ROUND(计划落实!V20/计划!V20,5),0) | ... AB20: =IFERROR(ROUND(计划落实!AB20/计划!AB20,5),0) | AC20: T | AE20: Brand-Anonymized | AF20: 200
B21: SKU-9FED3CD7 | C21: 是 | D21: 6 | E21: 是 | I21: 是 | L21: 100 | M21: Product-80F515FA | N21: 1 | O21: =IFERROR(ROUND(计划落实!O21/计划!O21,5),0) | P21: =IFERROR(ROUND(计划落实!P21/计划!P21,5),0) | Q21: =IFERROR(ROUND(计划落实!Q21/计划!Q21,5),0) | R21: =IFERROR(ROUND(计划落实!R21/计划!R21,5),0) | S21: =IFERROR(ROUND(计划落实!S21/计划!S21,5),0) | T21: =IFERROR(ROUND(计划落实!T21/计划!T21,5),0) | U21: =IFERROR(ROUND(计划落实!U21/计划!U21,5),0) | V21: =IFERROR(ROUND(计划落实!V21/计划!V21,5),0) | ... AB21: =IFERROR(ROUND(计划落实!AB21/计划!AB21,5),0) | AD21: 方 | AE21: Brand-Anonymized | AF21: 200
B22: SKU-D2D4FD85 | C22: 是 | D22: 8 | E22: 是 | I22: 是 | L22: 100 | M22: Product-D1D130D9 | N22: 1 | O22: =IFERROR(ROUND(计划落实!O22/计划!O22,5),0) | P22: =IFERROR(ROUND(计划落实!P22/计划!P22,5),0) | Q22: =IFERROR(ROUND(计划落实!Q22/计划!Q22,5),0) | R22: =IFERROR(ROUND(计划落实!R22/计划!R22,5),0) | S22: =IFERROR(ROUND(计划落实!S22/计划!S22,5),0) | T22: =IFERROR(ROUND(计划落实!T22/计划!T22,5),0) | U22: =IFERROR(ROUND(计划落实!U22/计划!U22,5),0) | V22: =IFERROR(ROUND(计划落实!V22/计划!V22,5),0) | ... AB22: =IFERROR(ROUND(计划落实!AB22/计划!AB22,5),0) | AE22: Brand-Anonymized | AF22: 200
B23: SKU-2324D87D | C23: 是 | D23: 9 | F23: 是 | I23: 是 | L23: 100 | M23: Product-142947AA | N23: 1 | O23: =IFERROR(ROUND(计划落实!O23/计划!O23,5),0) | P23: =IFERROR(ROUND(计划落实!P23/计划!P23,5),0) | Q23: =IFERROR(ROUND(计划落实!Q23/计划!Q23,5),0) | R23: =IFERROR(ROUND(计划落实!R23/计划!R23,5),0) | S23: =IFERROR(ROUND(计划落实!S23/计划!S23,5),0) | T23: =IFERROR(ROUND(计划落实!T23/计划!T23,5),0) | U23: =IFERROR(ROUND(计划落实!U23/计划!U23,5),0) | V23: =IFERROR(ROUND(计划落实!V23/计划!V23,5),0) | ... AB23: =IFERROR(ROUND(计划落实!AB23/计划!AB23,5),0) | AC23: C | AD23: 长 | AE23: Brand-Anonymized | AF23: 200
B24: SKU-D3A8D0D1 | C24: 是 | D24: 9 | F24: 是 | I24: 是 | L24: 100 | M24: Product-B80128BB | N24: 1 | O24: =IFERROR(ROUND(计划落实!O24/计划!O24,5),0) | P24: =IFERROR(ROUND(计划落实!P24/计划!P24,5),0) | Q24: =IFERROR(ROUND(计划落实!Q24/计划!Q24,5),0) | R24: =IFERROR(ROUND(计划落实!R24/计划!R24,5),0) | S24: =IFERROR(ROUND(计划落实!S24/计划!S24,5),0) | T24: =IFERROR(ROUND(计划落实!T24/计划!T24,5),0) | U24: =IFERROR(ROUND(计划落实!U24/计划!U24,5),0) | V24: =IFERROR(ROUND(计划落实!V24/计划!V24,5),0) | ... AB24: =IFERROR(ROUND(计划落实!AB24/计划!AB24,5),0) | AC24: X | AD24: 长 | AE24: Brand-Anonymized | AF24: 200
B25: SKU-55B49425 | C25: 是 | D25: 11 | J25: 共 | L25: 100 | M25: Product-2E005B6F | N25: 1 | O25: =IFERROR(ROUND(计划落实!O25/计划!O25,5),0) | P25: =IFERROR(ROUND(计划落实!P25/计划!P25,5),0) | Q25: =IFERROR(ROUND(计划落实!Q25/计划!Q25,5),0) | R25: =IFERROR(ROUND(计划落实!R25/计划!R25,5),0) | S25: =IFERROR(ROUND(计划落实!S25/计划!S25,5),0) | T25: =IFERROR(ROUND(计划落实!T25/计划!T25,5),0) | U25: =IFERROR(ROUND(计划落实!U25/计划!U25,5),0) | V25: =IFERROR(ROUND(计划落实!V25/计划!V25,5),0) | ... AB25: =IFERROR(ROUND(计划落实!AB25/计划!AB25,5),0) | AC25: T | AE25: Brand-Anonymized | AF25: 200
B26: SKU-7E7C0C23 | C26: 是 | D26: 11 | J26: 共 | L26: 100 | M26: Product-8C5BA899 | N26: 1 | O26: =IFERROR(ROUND(计划落实!O26/计划!O26,5),0) | P26: =IFERROR(ROUND(计划落实!P26/计划!P26,5),0) | Q26: =IFERROR(ROUND(计划落实!Q26/计划!Q26,5),0) | R26: =IFERROR(ROUND(计划落实!R26/计划!R26,5),0) | S26: =IFERROR(ROUND(计划落实!S26/计划!S26,5),0) | T26: =IFERROR(ROUND(计划落实!T26/计划!T26,5),0) | U26: =IFERROR(ROUND(计划落实!U26/计划!U26,5),0) | V26: =IFERROR(ROUND(计划落实!V26/计划!V26,5),0) | ... AB26: =IFERROR(ROUND(计划落实!AB26/计划!AB26,5),0) | AC26: T | AE26: Brand-Anonymized | AF26: 200
B27: SKU-581048FF | C27: 是 | D27: 11 | L27: 100 | M27: Product-9C9F0DD0 | N27: 1 | O27: =IFERROR(ROUND(计划落实!O27/计划!O27,5),0) | P27: =IFERROR(ROUND(计划落实!P27/计划!P27,5),0) | Q27: =IFERROR(ROUND(计划落实!Q27/计划!Q27,5),0) | R27: =IFERROR(ROUND(计划落实!R27/计划!R27,5),0) | S27: =IFERROR(ROUND(计划落实!S27/计划!S27,5),0) | T27: =IFERROR(ROUND(计划落实!T27/计划!T27,5),0) | U27: =IFERROR(ROUND(计划落实!U27/计划!U27,5),0) | V27: =IFERROR(ROUND(计划落实!V27/计划!V27,5),0) | ... AB27: =IFERROR(ROUND(计划落实!AB27/计划!AB27,5),0) | AC27: C | AD27: 方 | AE27: Brand-Anonymized | AF27: 200
B28: SKU-1943C75B | C28: 是 | D28: 10 | F28: 是 | I28: 是 | J28: 共 | L28: 100 | M28: Product-62BC29B7 | N28: 1 | O28: =IFERROR(ROUND(计划落实!O28/计划!O28,5),0) | P28: =IFERROR(ROUND(计划落实!P28/计划!P28,5),0) | Q28: =IFERROR(ROUND(计划落实!Q28/计划!Q28,5),0) | R28: =IFERROR(ROUND(计划落实!R28/计划!R28,5),0) | S28: =IFERROR(ROUND(计划落实!S28/计划!S28,5),0) | T28: =IFERROR(ROUND(计划落实!T28/计划!T28,5),0) | U28: =IFERROR(ROUND(计划落实!U28/计划!U28,5),0) | V28: =IFERROR(ROUND(计划落实!V28/计划!V28,5),0) | ... AB28: =IFERROR(ROUND(计划落实!AB28/计划!AB28,5),0) | AC28: C | AD28: 方 | AE28: Brand-Anonymized | AF28: 200
B29: SKU-51C641E5 | C29: 是 | D29: 10 | F29: 是 | I29: 是 | J29: 共 | L29: 100 | M29: Product-4CA63C06 | N29: 1 | O29: =IFERROR(ROUND(计划落实!O29/计划!O29,5),0) | P29: =IFERROR(ROUND(计划落实!P29/计划!P29,5),0) | Q29: =IFERROR(ROUND(计划落实!Q29/计划!Q29,5),0) | R29: =IFERROR(ROUND(计划落实!R29/计划!R29,5),0) | S29: =IFERROR(ROUND(计划落实!S29/计划!S29,5),0) | T29: =IFERROR(ROUND(计划落实!T29/计划!T29,5),0) | U29: =IFERROR(ROUND(计划落实!U29/计划!U29,5),0) | V29: =IFERROR(ROUND(计划落实!V29/计划!V29,5),0) | ... AB29: =IFERROR(ROUND(计划落实!AB29/计划!AB29,5),0) | AC29: T | AD29: 长 | AE29: Brand-Anonymized | AF29: 200
B30: SKU-740A9334 | C30: 是 | D30: 10 | G30: 是 | I30: 是 | L30: 100 | M30: Product-7726A962 | N30: 1 | O30: =IFERROR(ROUND(计划落实!O30/计划!O30,5),0) | P30: =IFERROR(ROUND(计划落实!P30/计划!P30,5),0) | Q30: =IFERROR(ROUND(计划落实!Q30/计划!Q30,5),0) | R30: =IFERROR(ROUND(计划落实!R30/计划!R30,5),0) | S30: =IFERROR(ROUND(计划落实!S30/计划!S30,5),0) | T30: =IFERROR(ROUND(计划落实!T30/计划!T30,5),0) | U30: =IFERROR(ROUND(计划落实!U30/计划!U30,5),0) | V30: =IFERROR(ROUND(计划落实!V30/计划!V30,5),0) | ... AB30: =IFERROR(ROUND(计划落实!AB30/计划!AB30,5),0) | AD30: 方 | AE30: Brand-Anonymized | AF30: 200
B31: SKU-ABAD8823 | C31: 是 | D31: 8 | E31: 是 | I31: 是 | J31: 共 | L31: 100 | M31: Product-342D1F0D | N31: 1 | O31: =IFERROR(ROUND(计划落实!O31/计划!O31,5),0) | P31: =IFERROR(ROUND(计划落实!P31/计划!P31,5),0) | Q31: =IFERROR(ROUND(计划落实!Q31/计划!Q31,5),0) | R31: =IFERROR(ROUND(计划落实!R31/计划!R31,5),0) | S31: =IFERROR(ROUND(计划落实!S31/计划!S31,5),0) | T31: =IFERROR(ROUND(计划落实!T31/计划!T31,5),0) | U31: =IFERROR(ROUND(计划落实!U31/计划!U31,5),0) | V31: =IFERROR(ROUND(计划落实!V31/计划!V31,5),0) | ... AB31: =IFERROR(ROUND(计划落实!AB31/计划!AB31,5),0) | AC31: C | AD31: 细 | AE31: Brand-Anonymized | AF31: 200
B32: SKU-CD40403A | C32: 是 | D32: 8 | E32: 是 | I32: 是 | J32: 共 | L32: 100 | M32: Product-D6D3CCE6 | N32: 1 | O32: =IFERROR(ROUND(计划落实!O32/计划!O32,5),0) | P32: =IFERROR(ROUND(计划落实!P32/计划!P32,5),0) | Q32: =IFERROR(ROUND(计划落实!Q32/计划!Q32,5),0) | R32: =IFERROR(ROUND(计划落实!R32/计划!R32,5),0) | S32: =IFERROR(ROUND(计划落实!S32/计划!S32,5),0) | T32: =IFERROR(ROUND(计划落实!T32/计划!T32,5),0) | U32: =IFERROR(ROUND(计划落实!U32/计划!U32,5),0) | V32: =IFERROR(ROUND(计划落实!V32/计划!V32,5),0) | ... AB32: =IFERROR(ROUND(计划落实!AB32/计划!AB32,5),0) | AC32: C | AD32: 标 | AE32: Brand-Anonymized | AF32: 200
B33: SKU-B0D292B1 | C33: 是 | D33: 10 | G33: 是 | I33: 是 | L33: 100 | M33: Product-7726A962 | N33: 1 | O33: =IFERROR(ROUND(计划落实!O33/计划!O33,5),0) | P33: =IFERROR(ROUND(计划落实!P33/计划!P33,5),0) | Q33: =IFERROR(ROUND(计划落实!Q33/计划!Q33,5),0) | R33: =IFERROR(ROUND(计划落实!R33/计划!R33,5),0) | S33: =IFERROR(ROUND(计划落实!S33/计划!S33,5),0) | T33: =IFERROR(ROUND(计划落实!T33/计划!T33,5),0) | U33: =IFERROR(ROUND(计划落实!U33/计划!U33,5),0) | V33: =IFERROR(ROUND(计划落实!V33/计划!V33,5),0) | ... AB33: =IFERROR(ROUND(计划落实!AB33/计划!AB33,5),0) | AC33: X | AD33: 标 | AE33: Brand-Anonymized | AF33: 200
B34: SKU-D5FB4C4D | D34: 10 | L34: 100 | M34: Product-3DCEC0C0 | N34: 1 | O34: =IFERROR(ROUND(计划落实!O34/计划!O34,5),0) | P34: =IFERROR(ROUND(计划落实!P34/计划!P34,5),0) | Q34: =IFERROR(ROUND(计划落实!Q34/计划!Q34,5),0) | R34: =IFERROR(ROUND(计划落实!R34/计划!R34,5),0) | S34: =IFERROR(ROUND(计划落实!S34/计划!S34,5),0) | T34: =IFERROR(ROUND(计划落实!T34/计划!T34,5),0) | U34: =IFERROR(ROUND(计划落实!U34/计划!U34,5),0) | V34: =IFERROR(ROUND(计划落实!V34/计划!V34,5),0) | ... AB34: =IFERROR(ROUND(计划落实!AB34/计划!AB34,5),0) | AD34: 标 | AE34: Brand-Anonymized | AF34: 200
B35: SKU-DCF98B33 | D35: 10 | L35: 100 | M35: Product-3DCEC0C0 | N35: 1 | O35: =IFERROR(ROUND(计划落实!O35/计划!O35,5),0) | P35: =IFERROR(ROUND(计划落实!P35/计划!P35,5),0) | Q35: =IFERROR(ROUND(计划落实!Q35/计划!Q35,5),0) | R35: =IFERROR(ROUND(计划落实!R35/计划!R35,5),0) | S35: =IFERROR(ROUND(计划落实!S35/计划!S35,5),0) | T35: =IFERROR(ROUND(计划落实!T35/计划!T35,5),0) | U35: =IFERROR(ROUND(计划落实!U35/计划!U35,5),0) | V35: =IFERROR(ROUND(计划落实!V35/计划!V35,5),0) | ... AB35: =IFERROR(ROUND(计划落实!AB35/计划!AB35,5),0) | AC35: X | AD35: 标 | AE35: Brand-Anonymized | AF35: 200
B36: SKU-7ECD2FA6 | D36: 10 | F36: 是 | I36: 是 | L36: 100 | M36: Product-29355C79 | N36: 1 | O36: =IFERROR(ROUND(计划落实!O36/计划!O36,5),0) | P36: =IFERROR(ROUND(计划落实!P36/计划!P36,5),0) | Q36: =IFERROR(ROUND(计划落实!Q36/计划!Q36,5),0) | R36: =IFERROR(ROUND(计划落实!R36/计划!R36,5),0) | S36: =IFERROR(ROUND(计划落实!S36/计划!S36,5),0) | T36: =IFERROR(ROUND(计划落实!T36/计划!T36,5),0) | U36: =IFERROR(ROUND(计划落实!U36/计划!U36,5),0) | V36: =IFERROR(ROUND(计划落实!V36/计划!V36,5),0) | ... AB36: =IFERROR(ROUND(计划落实!AB36/计划!AB36,5),0) | AC36: X | AE36: Brand-Anonymized | AF36: 200
B37: 27 | M37: 津沪小计 | O37: =IFERROR(ROUND(计划落实!O37/计划!O37,5),0) | P37: =IFERROR(ROUND(计划落实!P37/计划!P37,5),0) | Q37: =IFERROR(ROUND(计划落实!Q37/计划!Q37,5),0) | R37: =IFERROR(ROUND(计划落实!R37/计划!R37,5),0) | S37: =IFERROR(ROUND(计划落实!S37/计划!S37,5),0) | T37: =IFERROR(ROUND(计划落实!T37/计划!T37,5),0) | U37: =IFERROR(ROUND(计划落实!U37/计划!U37,5),0) | V37: =IFERROR(ROUND(计划落实!V37/计划!V37,5),0) | ... AB37: =IFERROR(ROUND(计划落实!AB37/计划!AB37,5),0) | AC37: =SUM(AC10:AC36)
B38: 33 | M38: 上海小计 | O38: =IFERROR(ROUND(计划落实!O38/计划!O38,5),0) | P38: =IFERROR(ROUND(计划落实!P38/计划!P38,5),0) | Q38: =IFERROR(ROUND(计划落实!Q38/计划!Q38,5),0) | R38: =IFERROR(ROUND(计划落实!R38/计划!R38,5),0) | S38: =IFERROR(ROUND(计划落实!S38/计划!S38,5),0) | T38: =IFERROR(ROUND(计划落实!T38/计划!T38,5),0) | U38: =IFERROR(ROUND(计划落实!U38/计划!U38,5),0) | V38: =IFERROR(ROUND(计划落实!V38/计划!V38,5),0) | ... AB38: =IFERROR(ROUND(计划落实!AB38/计划!AB38,5),0) | AC38: =AC9+AC37
A39: 河北 | B39: SKU-3095C758 | C39: 是 | D39: 11 | L39: 100 | M39: Product-280802D6 | N39: 4 | O39: =IFERROR(ROUND(计划落实!O39/计划!O39,5),0) | P39: =IFERROR(ROUND(计划落实!P39/计划!P39,5),0) | Q39: =IFERROR(ROUND(计划落实!Q39/计划!Q39,5),0) | R39: =IFERROR(ROUND(计划落实!R39/计划!R39,5),0) | S39: =IFERROR(ROUND(计划落实!S39/计划!S39,5),0) | T39: =IFERROR(ROUND(计划落实!T39/计划!T39,5),0) | U39: =IFERROR(ROUND(计划落实!U39/计划!U39,5),0) | V39: =IFERROR(ROUND(计划落实!V39/计划!V39,5),0) | ... AB39: =IFERROR(ROUND(计划落实!AB39/计划!AB39,5),0) | AC39: T | AE39: Brand-Anonymized | AF39: 200
B40: SKU-22512FF3 | C40: 是 | D40: 10 | J40: 共 | L40: 100 | M40: Product-C617F7D2 | N40: 1 | O40: =IFERROR(ROUND(计划落实!O40/计划!O40,5),0) | P40: =IFERROR(ROUND(计划落实!P40/计划!P40,5),0) | Q40: =IFERROR(ROUND(计划落实!Q40/计划!Q40,5),0) | R40: =IFERROR(ROUND(计划落实!R40/计划!R40,5),0) | S40: =IFERROR(ROUND(计划落实!S40/计划!S40,5),0) | T40: =IFERROR(ROUND(计划落实!T40/计划!T40,5),0) | U40: =IFERROR(ROUND(计划落实!U40/计划!U40,5),0) | V40: =IFERROR(ROUND(计划落实!V40/计划!V40,5),0) | ... AB40: =IFERROR(ROUND(计划落实!AB40/计划!AB40,5),0) | AC40: C | AE40: Brand-Anonymized | AF40: 200
B41: SKU-8B1D5EF6 | C41: 是 | D41: 6 | E41: 是 | I41: 是 | J41: 共 | L41: 100 | M41: Product-C0E4574A | N41: 1 | O41: =IFERROR(ROUND(计划落实!O41/计划!O41,5),0) | P41: =IFERROR(ROUND(计划落实!P41/计划!P41,5),0) | Q41: =IFERROR(ROUND(计划落实!Q41/计划!Q41,5),0) | R41: =IFERROR(ROUND(计划落实!R41/计划!R41,5),0) | S41: =IFERROR(ROUND(计划落实!S41/计划!S41,5),0) | T41: =IFERROR(ROUND(计划落实!T41/计划!T41,5),0) | U41: =IFERROR(ROUND(计划落实!U41/计划!U41,5),0) | V41: =IFERROR(ROUND(计划落实!V41/计划!V41,5),0) | ... AB41: =IFERROR(ROUND(计划落实!AB41/计划!AB41,5),0) | AC41: C | AD41: 标 | AE41: Brand-Anonymized | AF41: 200
B42: SKU-8BA825B6 | C42: 是 | D42: 10 | L42: 100 | M42: Product-E7EC78F7 | N42: 1 | O42: =IFERROR(ROUND(计划落实!O42/计划!O42,5),0) | P42: =IFERROR(ROUND(计划落实!P42/计划!P42,5),0) | Q42: =IFERROR(ROUND(计划落实!Q42/计划!Q42,5),0) | R42: =IFERROR(ROUND(计划落实!R42/计划!R42,5),0) | S42: =IFERROR(ROUND(计划落实!S42/计划!S42,5),0) | T42: =IFERROR(ROUND(计划落实!T42/计划!T42,5),0) | U42: =IFERROR(ROUND(计划落实!U42/计划!U42,5),0) | V42: =IFERROR(ROUND(计划落实!V42/计划!V42,5),0) | ... AB42: =IFERROR(ROUND(计划落实!AB42/计划!AB42,5),0) | AC42: C | AD42: 标 | AE42: Brand-Anonymized | AF42: 200
B43: SKU-DBE8D847 | C43: 是 | D43: 8 | E43: 是 | I43: 是 | L43: 100 | M43: Product-31FC13CA | N43: 2 | O43: =IFERROR(ROUND(计划落实!O43/计划!O43,5),0) | P43: =IFERROR(ROUND(计划落实!P43/计划!P43,5),0) | Q43: =IFERROR(ROUND(计划落实!Q43/计划!Q43,5),0) | R43: =IFERROR(ROUND(计划落实!R43/计划!R43,5),0) | S43: =IFERROR(ROUND(计划落实!S43/计划!S43,5),0) | T43: =IFERROR(ROUND(计划落实!T43/计划!T43,5),0) | U43: =IFERROR(ROUND(计划落实!U43/计划!U43,5),0) | V43: =IFERROR(ROUND(计划落实!V43/计划!V43,5),0) | ... AB43: =IFERROR(ROUND(计划落实!AB43/计划!AB43,5),0) | AD43: 细 | AE43: Brand-Anonymized | AF43: 200
B44: SKU-993415A4 | C44: 是 | D44: 10 | L44: 100 | M44: Product-914BA5F4 | N44: 3 | O44: =IFERROR(ROUND(计划落实!O44/计划!O44,5),0) | P44: =IFERROR(ROUND(计划落实!P44/计划!P44,5),0) | Q44: =IFERROR(ROUND(计划落实!Q44/计划!Q44,5),0) | R44: =IFERROR(ROUND(计划落实!R44/计划!R44,5),0) | S44: =IFERROR(ROUND(计划落实!S44/计划!S44,5),0) | T44: =IFERROR(ROUND(计划落实!T44/计划!T44,5),0) | U44: =IFERROR(ROUND(计划落实!U44/计划!U44,5),0) | V44: =IFERROR(ROUND(计划落实!V44/计划!V44,5),0) | ... AB44: =IFERROR(ROUND(计划落实!AB44/计划!AB44,5),0) | AE44: Brand-Anonymized | AF44: 200
B45: SKU-D86E9747 | C45: 是 | D45: 9 | F45: 是 | I45: 是 | L45: 100 | M45: Product-FF4227EA | N45: 1 | O45: =IFERROR(ROUND(计划落实!O45/计划!O45,5),0) | P45: =IFERROR(ROUND(计划落实!P45/计划!P45,5),0) | Q45: =IFERROR(ROUND(计划落实!Q45/计划!Q45,5),0) | R45: =IFERROR(ROUND(计划落实!R45/计划!R45,5),0) | S45: =IFERROR(ROUND(计划落实!S45/计划!S45,5),0) | T45: =IFERROR(ROUND(计划落实!T45/计划!T45,5),0) | U45: =IFERROR(ROUND(计划落实!U45/计划!U45,5),0) | V45: =IFERROR(ROUND(计划落实!V45/计划!V45,5),0) | ... AB45: =IFERROR(ROUND(计划落实!AB45/计划!AB45,5),0) | AE45: Brand-Anonymized | AF45: 200
B46: SKU-7CB9F294 | C46: 是 | D46: 7 | E46: 是 | I46: 是 | L46: 100 | M46: Product-1F3A5A4E | N46: 1 | O46: =IFERROR(ROUND(计划落实!O46/计划!O46,5),0) | P46: =IFERROR(ROUND(计划落实!P46/计划!P46,5),0) | Q46: =IFERROR(ROUND(计划落实!Q46/计划!Q46,5),0) | R46: =IFERROR(ROUND(计划落实!R46/计划!R46,5),0) | S46: =IFERROR(ROUND(计划落实!S46/计划!S46,5),0) | T46: =IFERROR(ROUND(计划落实!T46/计划!T46,5),0) | U46: =IFERROR(ROUND(计划落实!U46/计划!U46,5),0) | V46: =IFERROR(ROUND(计划落实!V46/计划!V46,5),0) | ... AB46: =IFERROR(ROUND(计划落实!AB46/计划!AB46,5),0) | AC46: X | AE46: Brand-Anonymized | AF46: 200
B47: 8 | M47: 河北小计 | O47: =IFERROR(ROUND(计划落实!O47/计划!O47,5),0) | P47: =IFERROR(ROUND(计划落实!P47/计划!P47,5),0) | Q47: =IFERROR(ROUND(计划落实!Q47/计划!Q47,5),0) | R47: =IFERROR(ROUND(计划落实!R47/计划!R47,5),0) | S47: =IFERROR(ROUND(计划落实!S47/计划!S47,5),0) | T47: =IFERROR(ROUND(计划落实!T47/计划!T47,5),0) | U47: =IFERROR(ROUND(计划落实!U47/计划!U47,5),0) | V47: =IFERROR(ROUND(计划落实!V47/计划!V47,5),0) | ... AB47: =IFERROR(ROUND(计划落实!AB47/计划!AB47,5),0) | AC47: =SUM(AC39:AC46)
A48: 辽宁 | B48: SKU-4BF6BE09 | C48: 是 | D48: 11 | L48: 100 | M48: Product-685982B2 | N48: 2 | O48: =IFERROR(ROUND(计划落实!O48/计划!O48,5),0) | P48: =IFERROR(ROUND(计划落实!P48/计划!P48,5),0) | Q48: =IFERROR(ROUND(计划落实!Q48/计划!Q48,5),0) | R48: =IFERROR(ROUND(计划落实!R48/计划!R48,5),0) | S48: =IFERROR(ROUND(计划落实!S48/计划!S48,5),0) | T48: =IFERROR(ROUND(计划落实!T48/计划!T48,5),0) | U48: =IFERROR(ROUND(计划落实!U48/计划!U48,5),0) | V48: =IFERROR(ROUND(计划落实!V48/计划!V48,5),0) | ... AB48: =IFERROR(ROUND(计划落实!AB48/计划!AB48,5),0) | AE48: Brand-Anonymized | AF48: 200
B49: SKU-68F01DAC | C49: 是 | D49: 6 | E49: 是 | I49: 是 | J49: 共 | L49: 100 | M49: Product-DB12469B | N49: 2 | O49: =IFERROR(ROUND(计划落实!O49/计划!O49,5),0) | P49: =IFERROR(ROUND(计划落实!P49/计划!P49,5),0) | Q49: =IFERROR(ROUND(计划落实!Q49/计划!Q49,5),0) | R49: =IFERROR(ROUND(计划落实!R49/计划!R49,5),0) | S49: =IFERROR(ROUND(计划落实!S49/计划!S49,5),0) | T49: =IFERROR(ROUND(计划落实!T49/计划!T49,5),0) | U49: =IFERROR(ROUND(计划落实!U49/计划!U49,5),0) | V49: =IFERROR(ROUND(计划落实!V49/计划!V49,5),0) | ... AB49: =IFERROR(ROUND(计划落实!AB49/计划!AB49,5),0) | AD49: 细 | AE49: Brand-Anonymized | AF49: 200
B50: SKU-B376DBC8 | C50: 是 | D50: 9 | F50: 是 | I50: 是 | L50: 100 | M50: Product-12486764 | N50: 1 | O50: =IFERROR(ROUND(计划落实!O50/计划!O50,5),0) | P50: =IFERROR(ROUND(计划落实!P50/计划!P50,5),0) | Q50: =IFERROR(ROUND(计划落实!Q50/计划!Q50,5),0) | R50: =IFERROR(ROUND(计划落实!R50/计划!R50,5),0) | S50: =IFERROR(ROUND(计划落实!S50/计划!S50,5),0) | T50: =IFERROR(ROUND(计划落实!T50/计划!T50,5),0) | U50: =IFERROR(ROUND(计划落实!U50/计划!U50,5),0) | V50: =IFERROR(ROUND(计划落实!V50/计划!V50,5),0) | ... AB50: =IFERROR(ROUND(计划落实!AB50/计划!AB50,5),0) | AD50: 方 | AE50: Brand-Anonymized | AF50: 200
B51: SKU-D051F69D | C51: 是 | D51: 10 | L51: 100 | M51: Product-89AAAC0F | N51: 1 | O51: =IFERROR(ROUND(计划落实!O51/计划!O51,5),0) | P51: =IFERROR(ROUND(计划落实!P51/计划!P51,5),0) | Q51: =IFERROR(ROUND(计划落实!Q51/计划!Q51,5),0) | R51: =IFERROR(ROUND(计划落实!R51/计划!R51,5),0) | S51: =IFERROR(ROUND(计划落实!S51/计划!S51,5),0) | T51: =IFERROR(ROUND(计划落实!T51/计划!T51,5),0) | U51: =IFERROR(ROUND(计划落实!U51/计划!U51,5),0) | V51: =IFERROR(ROUND(计划落实!V51/计划!V51,5),0) | ... AB51: =IFERROR(ROUND(计划落实!AB51/计划!AB51,5),0) | AC51: X | AD51: 标 | AE51: Brand-Anonymized | AF51: 200
B52: SKU-D6DABD2C | C52: 是 | D52: 6 | E52: 是 | I52: 是 | L52: 100 | M52: Product-E13E7723 | N52: 1 | O52: =IFERROR(ROUND(计划落实!O52/计划!O52,5),0) | P52: =IFERROR(ROUND(计划落实!P52/计划!P52,5),0) | Q52: =IFERROR(ROUND(计划落实!Q52/计划!Q52,5),0) | R52: =IFERROR(ROUND(计划落实!R52/计划!R52,5),0) | S52: =IFERROR(ROUND(计划落实!S52/计划!S52,5),0) | T52: =IFERROR(ROUND(计划落实!T52/计划!T52,5),0) | U52: =IFERROR(ROUND(计划落实!U52/计划!U52,5),0) | V52: =IFERROR(ROUND(计划落实!V52/计划!V52,5),0) | ... AB52: =IFERROR(ROUND(计划落实!AB52/计划!AB52,5),0) | AC52: X | AD52: 细 | AE52: Brand-Anonymized | AF52: 200
B53: 5 | M53: 辽宁小计 | O53: =IFERROR(ROUND(计划落实!O53/计划!O53,5),0) | P53: =IFERROR(ROUND(计划落实!P53/计划!P53,5),0) | Q53: =IFERROR(ROUND(计划落实!Q53/计划!Q53,5),0) | R53: =IFERROR(ROUND(计划落实!R53/计划!R53,5),0) | S53: =IFERROR(ROUND(计划落实!S53/计划!S53,5),0) | T53: =IFERROR(ROUND(计划落实!T53/计划!T53,5),0) | U53: =IFERROR(ROUND(计划落实!U53/计划!U53,5),0) | V53: =IFERROR(ROUND(计划落实!V53/计划!V53,5),0) | ... AB53: =IFERROR(ROUND(计划落实!AB53/计划!AB53,5),0) | AC53: =SUM(AC48:AC52)
A54: 吉林 | B54: SKU-58C29290 | C54: 是 | D54: 8 | L54: 100 | M54: Product-0F81BD89 | N54: 3 | O54: =IFERROR(ROUND(计划落实!O54/计划!O54,5),0) | P54: =IFERROR(ROUND(计划落实!P54/计划!P54,5),0) | Q54: =IFERROR(ROUND(计划落实!Q54/计划!Q54,5),0) | R54: =IFERROR(ROUND(计划落实!R54/计划!R54,5),0) | S54: =IFERROR(ROUND(计划落实!S54/计划!S54,5),0) | T54: =IFERROR(ROUND(计划落实!T54/计划!T54,5),0) | U54: =IFERROR(ROUND(计划落实!U54/计划!U54,5),0) | V54: =IFERROR(ROUND(计划落实!V54/计划!V54,5),0) | ... AB54: =IFERROR(ROUND(计划落实!AB54/计划!AB54,5),0) | AE54: Brand-Anonymized | AF54: 200
B55: SKU-204217AA | C55: 是 | D55: 9 | L55: 100 | M55: Product-65B192F5 | N55: 3 | O55: =IFERROR(ROUND(计划落实!O55/计划!O55,5),0) | P55: =IFERROR(ROUND(计划落实!P55/计划!P55,5),0) | Q55: =IFERROR(ROUND(计划落实!Q55/计划!Q55,5),0) | R55: =IFERROR(ROUND(计划落实!R55/计划!R55,5),0) | S55: =IFERROR(ROUND(计划落实!S55/计划!S55,5),0) | T55: =IFERROR(ROUND(计划落实!T55/计划!T55,5),0) | U55: =IFERROR(ROUND(计划落实!U55/计划!U55,5),0) | V55: =IFERROR(ROUND(计划落实!V55/计划!V55,5),0) | ... AB55: =IFERROR(ROUND(计划落实!AB55/计划!AB55,5),0) | AC55: T | AE55: Brand-Anonymized | AF55: 200
B56: SKU-AA06D68B | C56: 是 | D56: 5 | L56: 100 | M56: Product-BC490182 | N56: 1 | O56: =IFERROR(ROUND(计划落实!O56/计划!O56,5),0) | P56: =IFERROR(ROUND(计划落实!P56/计划!P56,5),0) | Q56: =IFERROR(ROUND(计划落实!Q56/计划!Q56,5),0) | R56: =IFERROR(ROUND(计划落实!R56/计划!R56,5),0) | S56: =IFERROR(ROUND(计划落实!S56/计划!S56,5),0) | T56: =IFERROR(ROUND(计划落实!T56/计划!T56,5),0) | U56: =IFERROR(ROUND(计划落实!U56/计划!U56,5),0) | V56: =IFERROR(ROUND(计划落实!V56/计划!V56,5),0) | ... AB56: =IFERROR(ROUND(计划落实!AB56/计划!AB56,5),0) | AE56: Brand-Anonymized | AF56: 200
B57: SKU-AB711576 | C57: 是 | D57: 7 | E57: 是 | I57: 是 | J57: 共 | L57: 100 | M57: Product-606B1B6A | N57: 2 | O57: =IFERROR(ROUND(计划落实!O57/计划!O57,5),0) | P57: =IFERROR(ROUND(计划落实!P57/计划!P57,5),0) | Q57: =IFERROR(ROUND(计划落实!Q57/计划!Q57,5),0) | R57: =IFERROR(ROUND(计划落实!R57/计划!R57,5),0) | S57: =IFERROR(ROUND(计划落实!S57/计划!S57,5),0) | T57: =IFERROR(ROUND(计划落实!T57/计划!T57,5),0) | U57: =IFERROR(ROUND(计划落实!U57/计划!U57,5),0) | V57: =IFERROR(ROUND(计划落实!V57/计划!V57,5),0) | ... AB57: =IFERROR(ROUND(计划落实!AB57/计划!AB57,5),0) | AC57: T | AD57: 细 | AE57: Brand-Anonymized | AF57: 200
B58: SKU-9F810407 | C58: 是 | D58: 9 | F58: 是 | I58: 是 | L58: 100 | M58: Product-F93B8445 | N58: 3 | O58: =IFERROR(ROUND(计划落实!O58/计划!O58,5),0) | P58: =IFERROR(ROUND(计划落实!P58/计划!P58,5),0) | Q58: =IFERROR(ROUND(计划落实!Q58/计划!Q58,5),0) | R58: =IFERROR(ROUND(计划落实!R58/计划!R58,5),0) | S58: =IFERROR(ROUND(计划落实!S58/计划!S58,5),0) | T58: =IFERROR(ROUND(计划落实!T58/计划!T58,5),0) | U58: =IFERROR(ROUND(计划落实!U58/计划!U58,5),0) | V58: =IFERROR(ROUND(计划落实!V58/计划!V58,5),0) | ... AB58: =IFERROR(ROUND(计划落实!AB58/计划!AB58,5),0) | AD58: 细 | AE58: Brand-Anonymized | AF58: 200
B59: SKU-F676B681 | C59: 是 | D59: 9 | F59: 是 | I59: 是 | L59: 100 | M59: Product-33875634 | N59: 1 | O59: =IFERROR(ROUND(计划落实!O59/计划!O59,5),0) | P59: =IFERROR(ROUND(计划落实!P59/计划!P59,5),0) | Q59: =IFERROR(ROUND(计划落实!Q59/计划!Q59,5),0) | R59: =IFERROR(ROUND(计划落实!R59/计划!R59,5),0) | S59: =IFERROR(ROUND(计划落实!S59/计划!S59,5),0) | T59: =IFERROR(ROUND(计划落实!T59/计划!T59,5),0) | U59: =IFERROR(ROUND(计划落实!U59/计划!U59,5),0) | V59: =IFERROR(ROUND(计划落实!V59/计划!V59,5),0) | ... AB59: =IFERROR(ROUND(计划落实!AB59/计划!AB59,5),0) | AE59: Brand-Anonymized | AF59: 200
B60: SKU-E4C1BC6F | C60: 是 | D60: 8 | E60: 是 | I60: 是 | J60: 共 | L60: 100 | M60: Product-10F9DCAD | N60: 1 | O60: =IFERROR(ROUND(计划落实!O60/计划!O60,5),0) | P60: =IFERROR(ROUND(计划落实!P60/计划!P60,5),0) | Q60: =IFERROR(ROUND(计划落实!Q60/计划!Q60,5),0) | R60: =IFERROR(ROUND(计划落实!R60/计划!R60,5),0) | S60: =IFERROR(ROUND(计划落实!S60/计划!S60,5),0) | T60: =IFERROR(ROUND(计划落实!T60/计划!T60,5),0) | U60: =IFERROR(ROUND(计划落实!U60/计划!U60,5),0) | V60: =IFERROR(ROUND(计划落实!V60/计划!V60,5),0) | ... AB60: =IFERROR(ROUND(计划落实!AB60/计划!AB60,5),0) | AD60: 细 | AE60: Brand-Anonymized | AF60: 200
B61: SKU-CD605EDE | C61: 是 | D61: 9 | F61: 是 | I61: 是 | L61: 100 | M61: Product-219B759F | N61: 1 | O61: =IFERROR(ROUND(计划落实!O61/计划!O61,5),0) | P61: =IFERROR(ROUND(计划落实!P61/计划!P61,5),0) | Q61: =IFERROR(ROUND(计划落实!Q61/计划!Q61,5),0) | R61: =IFERROR(ROUND(计划落实!R61/计划!R61,5),0) | S61: =IFERROR(ROUND(计划落实!S61/计划!S61,5),0) | T61: =IFERROR(ROUND(计划落实!T61/计划!T61,5),0) | U61: =IFERROR(ROUND(计划落实!U61/计划!U61,5),0) | V61: =IFERROR(ROUND(计划落实!V61/计划!V61,5),0) | ... AB61: =IFERROR(ROUND(计划落实!AB61/计划!AB61,5),0) | AC61: X | AD61: 长 | AE61: Brand-Anonymized | AF61: 200
B62: 8 | M62: 吉林小计 | O62: =IFERROR(ROUND(计划落实!O62/计划!O62,5),0) | P62: =IFERROR(ROUND(计划落实!P62/计划!P62,5),0) | Q62: =IFERROR(ROUND(计划落实!Q62/计划!Q62,5),0) | R62: =IFERROR(ROUND(计划落实!R62/计划!R62,5),0) | S62: =IFERROR(ROUND(计划落实!S62/计划!S62,5),0) | T62: =IFERROR(ROUND(计划落实!T62/计划!T62,5),0) | U62: =IFERROR(ROUND(计划落实!U62/计划!U62,5),0) | V62: =IFERROR(ROUND(计划落实!V62/计划!V62,5),0) | ... AB62: =IFERROR(ROUND(计划落实!AB62/计划!AB62,5),0) | AC62: =SUM(AC54:AC61)
A63: 深圳 | B63: SKU-BBC3DCE6 | C63: 是 | D63: 8 | E63: 是 | I63: 是 | L63: 100 | M63: Product-3237B6F2 | N63: 1 | O63: =IFERROR(ROUND(计划落实!O63/计划!O63,5),0) | P63: =IFERROR(ROUND(计划落实!P63/计划!P63,5),0) | Q63: =IFERROR(ROUND(计划落实!Q63/计划!Q63,5),0) | R63: =IFERROR(ROUND(计划落实!R63/计划!R63,5),0) | S63: =IFERROR(ROUND(计划落实!S63/计划!S63,5),0) | T63: =IFERROR(ROUND(计划落实!T63/计划!T63,5),0) | U63: =IFERROR(ROUND(计划落实!U63/计划!U63,5),0) | V63: =IFERROR(ROUND(计划落实!V63/计划!V63,5),0) | ... AB63: =IFERROR(ROUND(计划落实!AB63/计划!AB63,5),0) | AD63: 标 | AE63: Brand-Anonymized | AF63: 200
B64: SKU-B505F1AF | C64: 是 | D64: 10 | F64: 是 | I64: 是 | L64: 100 | M64: Product-3EEAD3B7 | N64: 1 | O64: =IFERROR(ROUND(计划落实!O64/计划!O64,5),0) | P64: =IFERROR(ROUND(计划落实!P64/计划!P64,5),0) | Q64: =IFERROR(ROUND(计划落实!Q64/计划!Q64,5),0) | R64: =IFERROR(ROUND(计划落实!R64/计划!R64,5),0) | S64: =IFERROR(ROUND(计划落实!S64/计划!S64,5),0) | T64: =IFERROR(ROUND(计划落实!T64/计划!T64,5),0) | U64: =IFERROR(ROUND(计划落实!U64/计划!U64,5),0) | V64: =IFERROR(ROUND(计划落实!V64/计划!V64,5),0) | ... AB64: =IFERROR(ROUND(计划落实!AB64/计划!AB64,5),0) | AC64: X | AD64: 方 | AE64: Brand-Anonymized | AF64: 200
B65: 2 | M65: 深圳小计 | O65: =IFERROR(ROUND(计划落实!O65/计划!O65,5),0) | P65: =IFERROR(ROUND(计划落实!P65/计划!P65,5),0) | Q65: =IFERROR(ROUND(计划落实!Q65/计划!Q65,5),0) | R65: =IFERROR(ROUND(计划落实!R65/计划!R65,5),0) | S65: =IFERROR(ROUND(计划落实!S65/计划!S65,5),0) | T65: =IFERROR(ROUND(计划落实!T65/计划!T65,5),0) | U65: =IFERROR(ROUND(计划落实!U65/计划!U65,5),0) | V65: =IFERROR(ROUND(计划落实!V65/计划!V65,5),0) | ... AB65: =IFERROR(ROUND(计划落实!AB65/计划!AB65,5),0) | AC65: =SUM(AC63:AC64)
A66: 甘肃 | B66: SKU-ADBD66B8 | C66: 是 | D66: 6 | L66: 100 | M66: Product-3232333E | N66: 3 | O66: =IFERROR(ROUND(计划落实!O66/计划!O66,5),0) | P66: =IFERROR(ROUND(计划落实!P66/计划!P66,5),0) | Q66: =IFERROR(ROUND(计划落实!Q66/计划!Q66,5),0) | R66: =IFERROR(ROUND(计划落实!R66/计划!R66,5),0) | S66: =IFERROR(ROUND(计划落实!S66/计划!S66,5),0) | T66: =IFERROR(ROUND(计划落实!T66/计划!T66,5),0) | U66: =IFERROR(ROUND(计划落实!U66/计划!U66,5),0) | V66: =IFERROR(ROUND(计划落实!V66/计划!V66,5),0) | ... AB66: =IFERROR(ROUND(计划落实!AB66/计划!AB66,5),0) | AC66: T | AE66: Brand-Anonymized | AF66: 200
B67: SKU-77309807 | C67: 是 | D67: 8 | J67: 共 | L67: 100 | M67: Product-569CC6FE | N67: 2 | O67: =IFERROR(ROUND(计划落实!O67/计划!O67,5),0) | P67: =IFERROR(ROUND(计划落实!P67/计划!P67,5),0) | Q67: =IFERROR(ROUND(计划落实!Q67/计划!Q67,5),0) | R67: =IFERROR(ROUND(计划落实!R67/计划!R67,5),0) | S67: =IFERROR(ROUND(计划落实!S67/计划!S67,5),0) | T67: =IFERROR(ROUND(计划落实!T67/计划!T67,5),0) | U67: =IFERROR(ROUND(计划落实!U67/计划!U67,5),0) | V67: =IFERROR(ROUND(计划落实!V67/计划!V67,5),0) | ... AB67: =IFERROR(ROUND(计划落实!AB67/计划!AB67,5),0) | AE67: Brand-Anonymized | AF67: 200
B68: SKU-20CF6943 | C68: 是 | D68: 8 | H68: 是 | I68: 是 | L68: 100 | M68: Product-D195C7CE | N68: 3 | O68: =IFERROR(ROUND(计划落实!O68/计划!O68,5),0) | P68: =IFERROR(ROUND(计划落实!P68/计划!P68,5),0) | Q68: =IFERROR(ROUND(计划落实!Q68/计划!Q68,5),0) | R68: =IFERROR(ROUND(计划落实!R68/计划!R68,5),0) | S68: =IFERROR(ROUND(计划落实!S68/计划!S68,5),0) | T68: =IFERROR(ROUND(计划落实!T68/计划!T68,5),0) | U68: =IFERROR(ROUND(计划落实!U68/计划!U68,5),0) | V68: =IFERROR(ROUND(计划落实!V68/计划!V68,5),0) | ... AB68: =IFERROR(ROUND(计划落实!AB68/计划!AB68,5),0) | AE68: Brand-Anonymized | AF68: 200
B69: SKU-64A5E460 | C69: 是 | D69: 8 | F69: 是 | I69: 是 | L69: 100 | M69: Product-6C74D635 | N69: 1 | O69: =IFERROR(ROUND(计划落实!O69/计划!O69,5),0) | P69: =IFERROR(ROUND(计划落实!P69/计划!P69,5),0) | Q69: =IFERROR(ROUND(计划落实!Q69/计划!Q69,5),0) | R69: =IFERROR(ROUND(计划落实!R69/计划!R69,5),0) | S69: =IFERROR(ROUND(计划落实!S69/计划!S69,5),0) | T69: =IFERROR(ROUND(计划落实!T69/计划!T69,5),0) | U69: =IFERROR(ROUND(计划落实!U69/计划!U69,5),0) | V69: =IFERROR(ROUND(计划落实!V69/计划!V69,5),0) | ... AB69: =IFERROR(ROUND(计划落实!AB69/计划!AB69,5),0) | AD69: 长 | AE69: Brand-Anonymized | AF69: 200
B70: 4 | M70: 甘肃小计 | O70: =IFERROR(ROUND(计划落实!O70/计划!O70,5),0) | P70: =IFERROR(ROUND(计划落实!P70/计划!P70,5),0) | Q70: =IFERROR(ROUND(计划落实!Q70/计划!Q70,5),0) | R70: =IFERROR(ROUND(计划落实!R70/计划!R70,5),0) | S70: =IFERROR(ROUND(计划落实!S70/计划!S70,5),0) | T70: =IFERROR(ROUND(计划落实!T70/计划!T70,5),0) | U70: =IFERROR(ROUND(计划落实!U70/计划!U70,5),0) | V70: =IFERROR(ROUND(计划落实!V70/计划!V70,5),0) | ... AB70: =IFERROR(ROUND(计划落实!AB70/计划!AB70,5),0) | AC70: =SUM(AC66:AC69)
A71: 黑龙江 | B71: SKU-D485CCCA | D71: 10 | F71: 是 | I71: 是 | L71: 100 | M71: Product-05507059 | N71: 3 | O71: =IFERROR(ROUND(计划落实!O71/计划!O71,5),0) | P71: =IFERROR(ROUND(计划落实!P71/计划!P71,5),0) | Q71: =IFERROR(ROUND(计划落实!Q71/计划!Q71,5),0) | R71: =IFERROR(ROUND(计划落实!R71/计划!R71,5),0) | S71: =IFERROR(ROUND(计划落实!S71/计划!S71,5),0) | T71: =IFERROR(ROUND(计划落实!T71/计划!T71,5),0) | U71: =IFERROR(ROUND(计划落实!U71/计划!U71,5),0) | V71: =IFERROR(ROUND(计划落实!V71/计划!V71,5),0) | ... AB71: =IFERROR(ROUND(计划落实!AB71/计划!AB71,5),0) | AD71: 标 | AE71: Brand-Anonymized | AF71: 200
B72: SKU-66238053 | D72: 8 | E72: 是 | I72: 是 | L72: 100 | M72: Product-B4F67B70 | N72: 2 | O72: =IFERROR(ROUND(计划落实!O72/计划!O72,5),0) | P72: =IFERROR(ROUND(计划落实!P72/计划!P72,5),0) | Q72: =IFERROR(ROUND(计划落实!Q72/计划!Q72,5),0) | R72: =IFERROR(ROUND(计划落实!R72/计划!R72,5),0) | S72: =IFERROR(ROUND(计划落实!S72/计划!S72,5),0) | T72: =IFERROR(ROUND(计划落实!T72/计划!T72,5),0) | U72: =IFERROR(ROUND(计划落实!U72/计划!U72,5),0) | V72: =IFERROR(ROUND(计划落实!V72/计划!V72,5),0) | ... AB72: =IFERROR(ROUND(计划落实!AB72/计划!AB72,5),0) | AD72: 标 | AE72: Brand-Anonymized | AF72: 200
B73: SKU-AEC03642 | D73: 8 | F73: 是 | I73: 是 | L73: 100 | M73: Product-5A4A091A | N73: 1 | O73: =IFERROR(ROUND(计划落实!O73/计划!O73,5),0) | P73: =IFERROR(ROUND(计划落实!P73/计划!P73,5),0) | Q73: =IFERROR(ROUND(计划落实!Q73/计划!Q73,5),0) | R73: =IFERROR(ROUND(计划落实!R73/计划!R73,5),0) | S73: =IFERROR(ROUND(计划落实!S73/计划!S73,5),0) | T73: =IFERROR(ROUND(计划落实!T73/计划!T73,5),0) | U73: =IFERROR(ROUND(计划落实!U73/计划!U73,5),0) | V73: =IFERROR(ROUND(计划落实!V73/计划!V73,5),0) | ... AB73: =IFERROR(ROUND(计划落实!AB73/计划!AB73,5),0) | AC73: X | AE73: Brand-Anonymized | AF73: 200
B74: 3 | M74: 黑龙江小计 | O74: =IFERROR(ROUND(计划落实!O74/计划!O74,5),0) | P74: =IFERROR(ROUND(计划落实!P74/计划!P74,5),0) | Q74: =IFERROR(ROUND(计划落实!Q74/计划!Q74,5),0) | R74: =IFERROR(ROUND(计划落实!R74/计划!R74,5),0) | S74: =IFERROR(ROUND(计划落实!S74/计划!S74,5),0) | T74: =IFERROR(ROUND(计划落实!T74/计划!T74,5),0) | U74: =IFERROR(ROUND(计划落实!U74/计划!U74,5),0) | V74: =IFERROR(ROUND(计划落实!V74/计划!V74,5),0) | ... AB74: =IFERROR(ROUND(计划落实!AB74/计划!AB74,5),0) | AC74: =SUM(AC71:AC73)
A75: 内蒙 | B75: SKU-6FADBEBD | C75: 是 | D75: 5 | E75: 是 | I75: 是 | J75: 共 | L75: 100 | M75: Product-224E6368 | N75: 1 | O75: =IFERROR(ROUND(计划落实!O75/计划!O75,5),0) | P75: =IFERROR(ROUND(计划落实!P75/计划!P75,5),0) | Q75: =IFERROR(ROUND(计划落实!Q75/计划!Q75,5),0) | R75: =IFERROR(ROUND(计划落实!R75/计划!R75,5),0) | S75: =IFERROR(ROUND(计划落实!S75/计划!S75,5),0) | T75: =IFERROR(ROUND(计划落实!T75/计划!T75,5),0) | U75: =IFERROR(ROUND(计划落实!U75/计划!U75,5),0) | V75: =IFERROR(ROUND(计划落实!V75/计划!V75,5),0) | ... AB75: =IFERROR(ROUND(计划落实!AB75/计划!AB75,5),0) | AD75: 细 | AE75: Brand-Anonymized | AF75: 200
B76: SKU-6772DEBE | C76: 是 | D76: 6 | F76: 是 | I76: 是 | L76: 100 | M76: Product-82693D22 | N76: 1 | O76: =IFERROR(ROUND(计划落实!O76/计划!O76,5),0) | P76: =IFERROR(ROUND(计划落实!P76/计划!P76,5),0) | Q76: =IFERROR(ROUND(计划落实!Q76/计划!Q76,5),0) | R76: =IFERROR(ROUND(计划落实!R76/计划!R76,5),0) | S76: =IFERROR(ROUND(计划落实!S76/计划!S76,5),0) | T76: =IFERROR(ROUND(计划落实!T76/计划!T76,5),0) | U76: =IFERROR(ROUND(计划落实!U76/计划!U76,5),0) | V76: =IFERROR(ROUND(计划落实!V76/计划!V76,5),0) | ... AB76: =IFERROR(ROUND(计划落实!AB76/计划!AB76,5),0) | AD76: 长 | AE76: Brand-Anonymized | AF76: 200
B77: SKU-3B2628FE | C77: 是 | D77: 8 | F77: 是 | I77: 是 | L77: 100 | M77: Product-F68D7468 | N77: 1 | O77: =IFERROR(ROUND(计划落实!O77/计划!O77,5),0) | P77: =IFERROR(ROUND(计划落实!P77/计划!P77,5),0) | Q77: =IFERROR(ROUND(计划落实!Q77/计划!Q77,5),0) | R77: =IFERROR(ROUND(计划落实!R77/计划!R77,5),0) | S77: =IFERROR(ROUND(计划落实!S77/计划!S77,5),0) | T77: =IFERROR(ROUND(计划落实!T77/计划!T77,5),0) | U77: =IFERROR(ROUND(计划落实!U77/计划!U77,5),0) | V77: =IFERROR(ROUND(计划落实!V77/计划!V77,5),0) | ... AB77: =IFERROR(ROUND(计划落实!AB77/计划!AB77,5),0) | AE77: Brand-Anonymized | AF77: 200
B78: SKU-01CFC7C8 | C78: 是 | D78: 3 | E78: 是 | I78: 是 | L78: 100 | M78: Product-1385CA82 | N78: 1 | O78: =IFERROR(ROUND(计划落实!O78/计划!O78,5),0) | P78: =IFERROR(ROUND(计划落实!P78/计划!P78,5),0) | Q78: =IFERROR(ROUND(计划落实!Q78/计划!Q78,5),0) | R78: =IFERROR(ROUND(计划落实!R78/计划!R78,5),0) | S78: =IFERROR(ROUND(计划落实!S78/计划!S78,5),0) | T78: =IFERROR(ROUND(计划落实!T78/计划!T78,5),0) | U78: =IFERROR(ROUND(计划落实!U78/计划!U78,5),0) | V78: =IFERROR(ROUND(计划落实!V78/计划!V78,5),0) | ... AB78: =IFERROR(ROUND(计划落实!AB78/计划!AB78,5),0) | AC78: X | AD78: 细 | AE78: Brand-Anonymized | AF78: 200
B79: SKU-3BC6D3D6 | C79: 是 | D79: 10 | L79: 100 | M79: Product-7FD02DE1 | N79: 2 | O79: =IFERROR(ROUND(计划落实!O79/计划!O79,5),0) | P79: =IFERROR(ROUND(计划落实!P79/计划!P79,5),0) | Q79: =IFERROR(ROUND(计划落实!Q79/计划!Q79,5),0) | R79: =IFERROR(ROUND(计划落实!R79/计划!R79,5),0) | S79: =IFERROR(ROUND(计划落实!S79/计划!S79,5),0) | T79: =IFERROR(ROUND(计划落实!T79/计划!T79,5),0) | U79: =IFERROR(ROUND(计划落实!U79/计划!U79,5),0) | V79: =IFERROR(ROUND(计划落实!V79/计划!V79,5),0) | ... AB79: =IFERROR(ROUND(计划落实!AB79/计划!AB79,5),0) | AE79: Brand-Anonymized | AF79: 200
B80: 5 | M80: 内蒙小计 | O80: =IFERROR(ROUND(计划落实!O80/计划!O80,5),0) | P80: =IFERROR(ROUND(计划落实!P80/计划!P80,5),0) | Q80: =IFERROR(ROUND(计划落实!Q80/计划!Q80,5),0) | R80: =IFERROR(ROUND(计划落实!R80/计划!R80,5),0) | S80: =IFERROR(ROUND(计划落实!S80/计划!S80,5),0) | T80: =IFERROR(ROUND(计划落实!T80/计划!T80,5),0) | U80: =IFERROR(ROUND(计划落实!U80/计划!U80,5),0) | V80: =IFERROR(ROUND(计划落实!V80/计划!V80,5),0) | ... AB80: =IFERROR(ROUND(计划落实!AB80/计划!AB80,5),0) | AC80: =SUM(AC75:AC79)
A81: 海南 | B81: SKU-2379F692 | D81: 8 | E81: 是 | H81: 是 | I81: 是 | L81: 100 | M81: Product-1E77ED33 | N81: 1 | O81: =IFERROR(ROUND(计划落实!O81/计划!O81,5),0) | P81: =IFERROR(ROUND(计划落实!P81/计划!P81,5),0) | Q81: =IFERROR(ROUND(计划落实!Q81/计划!Q81,5),0) | R81: =IFERROR(ROUND(计划落实!R81/计划!R81,5),0) | S81: =IFERROR(ROUND(计划落实!S81/计划!S81,5),0) | T81: =IFERROR(ROUND(计划落实!T81/计划!T81,5),0) | U81: =IFERROR(ROUND(计划落实!U81/计划!U81,5),0) | V81: =IFERROR(ROUND(计划落实!V81/计划!V81,5),0) | ... AB81: =IFERROR(ROUND(计划落实!AB81/计划!AB81,5),0) | AD81: 标 | AE81: Brand-Anonymized | AF81: 200
B82: SKU-F2B0F984 | D82: 10 | L82: 100 | M82: Product-BB38CDED | N82: 1 | O82: =IFERROR(ROUND(计划落实!O82/计划!O82,5),0) | P82: =IFERROR(ROUND(计划落实!P82/计划!P82,5),0) | Q82: =IFERROR(ROUND(计划落实!Q82/计划!Q82,5),0) | R82: =IFERROR(ROUND(计划落实!R82/计划!R82,5),0) | S82: =IFERROR(ROUND(计划落实!S82/计划!S82,5),0) | T82: =IFERROR(ROUND(计划落实!T82/计划!T82,5),0) | U82: =IFERROR(ROUND(计划落实!U82/计划!U82,5),0) | V82: =IFERROR(ROUND(计划落实!V82/计划!V82,5),0) | ... AB82: =IFERROR(ROUND(计划落实!AB82/计划!AB82,5),0) | AC82: X | AD82: 标 | AE82: Brand-Anonymized | AF82: 200
B83: 2 | M83: 海南小计 | O83: =IFERROR(ROUND(计划落实!O83/计划!O83,5),0) | P83: =IFERROR(ROUND(计划落实!P83/计划!P83,5),0) | Q83: =IFERROR(ROUND(计划落实!Q83/计划!Q83,5),0) | R83: =IFERROR(ROUND(计划落实!R83/计划!R83,5),0) | S83: =IFERROR(ROUND(计划落实!S83/计划!S83,5),0) | T83: =IFERROR(ROUND(计划落实!T83/计划!T83,5),0) | U83: =IFERROR(ROUND(计划落实!U83/计划!U83,5),0) | V83: =IFERROR(ROUND(计划落实!V83/计划!V83,5),0) | ... AB83: =IFERROR(ROUND(计划落实!AB83/计划!AB83,5),0) | AC83: =SUM(AC81:AC82)
B84: 29 | M84: 中烟实业小计 | O84: =IFERROR(ROUND(计划落实!O84/计划!O84,5),0) | P84: =IFERROR(ROUND(计划落实!P84/计划!P84,5),0) | Q84: =IFERROR(ROUND(计划落实!Q84/计划!Q84,5),0) | R84: =IFERROR(ROUND(计划落实!R84/计划!R84,5),0) | S84: =IFERROR(ROUND(计划落实!S84/计划!S84,5),0) | T84: =IFERROR(ROUND(计划落实!T84/计划!T84,5),0) | U84: =IFERROR(ROUND(计划落实!U84/计划!U84,5),0) | V84: =IFERROR(ROUND(计划落实!V84/计划!V84,5),0) | ... AB84: =IFERROR(ROUND(计划落实!AB84/计划!AB84,5),0) | AC84: =SUMIF($N$48:$N$83,">0",AC48:AC83)
A85: 江苏 | B85: SKU-8A01A251 | C85: 是 | D85: 11 | L85: 100 | M85: Product-E520A49A | N85: 2 | O85: =IFERROR(ROUND(计划落实!O85/计划!O85,5),0) | P85: =IFERROR(ROUND(计划落实!P85/计划!P85,5),0) | Q85: =IFERROR(ROUND(计划落实!Q85/计划!Q85,5),0) | R85: =IFERROR(ROUND(计划落实!R85/计划!R85,5),0) | S85: =IFERROR(ROUND(计划落实!S85/计划!S85,5),0) | T85: =IFERROR(ROUND(计划落实!T85/计划!T85,5),0) | U85: =IFERROR(ROUND(计划落实!U85/计划!U85,5),0) | V85: =IFERROR(ROUND(计划落实!V85/计划!V85,5),0) | ... AB85: =IFERROR(ROUND(计划落实!AB85/计划!AB85,5),0) | AE85: Brand-Anonymized | AF85: 200
B86: SKU-F12BD851 | C86: 是 | D86: 11 | J86: 共 | L86: 100 | M86: Product-C8CC2E46 | N86: 2 | O86: =IFERROR(ROUND(计划落实!O86/计划!O86,5),0) | P86: =IFERROR(ROUND(计划落实!P86/计划!P86,5),0) | Q86: =IFERROR(ROUND(计划落实!Q86/计划!Q86,5),0) | R86: =IFERROR(ROUND(计划落实!R86/计划!R86,5),0) | S86: =IFERROR(ROUND(计划落实!S86/计划!S86,5),0) | T86: =IFERROR(ROUND(计划落实!T86/计划!T86,5),0) | U86: =IFERROR(ROUND(计划落实!U86/计划!U86,5),0) | V86: =IFERROR(ROUND(计划落实!V86/计划!V86,5),0) | ... AB86: =IFERROR(ROUND(计划落实!AB86/计划!AB86,5),0) | AE86: Brand-Anonymized | AF86: 200
B87: SKU-FBC6A90A | C87: 是 | D87: 11 | L87: 100 | M87: Product-6215959E | N87: 1 | O87: =IFERROR(ROUND(计划落实!O87/计划!O87,5),0) | P87: =IFERROR(ROUND(计划落实!P87/计划!P87,5),0) | Q87: =IFERROR(ROUND(计划落实!Q87/计划!Q87,5),0) | R87: =IFERROR(ROUND(计划落实!R87/计划!R87,5),0) | S87: =IFERROR(ROUND(计划落实!S87/计划!S87,5),0) | T87: =IFERROR(ROUND(计划落实!T87/计划!T87,5),0) | U87: =IFERROR(ROUND(计划落实!U87/计划!U87,5),0) | V87: =IFERROR(ROUND(计划落实!V87/计划!V87,5),0) | ... AB87: =IFERROR(ROUND(计划落实!AB87/计划!AB87,5),0) | AD87: 标 | AE87: Brand-Anonymized | AF87: 200
